# device=NVIDIA H200 NVL load=0 iters=20000 (latencies in us, median / p99)
test,api,dir,size,median_us,p99_us
kernel,launch,-,0,6.58,7.27
api,cudaMemcpyAsync,d2h,8,1.76,2.24
visible,cudaMemcpyAsync,d2h,8,4.58,5.10
sync,cudaMemcpyAsync,d2d,8,7.26,7.78
sync,cudaMemcpyAsync,d2h,8,6.46,7.02
sync,cudaMemcpyAsync,h2d,8,5.79,6.32
api,cudaMemcpyAsync,d2h,64,1.76,2.25
visible,cudaMemcpyAsync,d2h,64,4.57,5.09
sync,cudaMemcpyAsync,d2d,64,7.24,7.82
sync,cudaMemcpyAsync,d2h,64,6.48,7.02
sync,cudaMemcpyAsync,h2d,64,5.84,6.38
api,cudaMemcpyAsync,d2h,512,1.76,2.24
visible,cudaMemcpyAsync,d2h,512,4.62,5.14
sync,cudaMemcpyAsync,d2d,512,7.24,7.78
sync,cudaMemcpyAsync,d2h,512,6.50,7.03
sync,cudaMemcpyAsync,h2d,512,5.88,6.46
api,cudaMemcpyAsync,d2h,4096,1.76,2.25
visible,cudaMemcpyAsync,d2h,4096,4.76,5.27
sync,cudaMemcpyAsync,d2d,4096,7.26,7.80
sync,cudaMemcpyAsync,d2h,4096,6.62,7.16
sync,cudaMemcpyAsync,h2d,4096,6.50,7.26
api,cudaMemcpyAsync,d2h,65536,1.76,2.25
visible,cudaMemcpyAsync,d2h,65536,6.89,7.40
sync,cudaMemcpyAsync,d2d,65536,7.39,7.92
sync,cudaMemcpyAsync,d2h,65536,8.65,9.20
sync,cudaMemcpyAsync,h2d,65536,9.74,10.34
api,cudaMemcpyBatchAsync,d2h,8,2.02,2.35
visible,cudaMemcpyBatchAsync,d2h,8,4.74,5.14
sync,cudaMemcpyBatchAsync,d2d,8,6.61,7.06
sync,cudaMemcpyBatchAsync,d2h,8,6.59,7.05
sync,cudaMemcpyBatchAsync,h2d,8,5.98,6.54
api,cudaMemcpyBatchAsync,d2h,64,2.01,2.35
visible,cudaMemcpyBatchAsync,d2h,64,4.73,5.14
sync,cudaMemcpyBatchAsync,d2d,64,6.61,7.06
sync,cudaMemcpyBatchAsync,d2h,64,6.58,7.06
sync,cudaMemcpyBatchAsync,h2d,64,6.02,6.61
api,cudaMemcpyBatchAsync,d2h,512,2.02,2.35
visible,cudaMemcpyBatchAsync,d2h,512,4.82,5.21
sync,cudaMemcpyBatchAsync,d2d,512,6.62,7.09
sync,cudaMemcpyBatchAsync,d2h,512,6.60,7.08
sync,cudaMemcpyBatchAsync,h2d,512,6.10,6.64
api,cudaMemcpyBatchAsync,d2h,4096,2.02,2.35
visible,cudaMemcpyBatchAsync,d2h,4096,4.94,5.34
sync,cudaMemcpyBatchAsync,d2d,4096,6.76,7.22
sync,cudaMemcpyBatchAsync,d2h,4096,6.72,7.19
sync,cudaMemcpyBatchAsync,h2d,4096,6.66,7.26
api,cudaMemcpyBatchAsync,d2h,65536,2.02,2.36
visible,cudaMemcpyBatchAsync,d2h,65536,7.08,7.47
sync,cudaMemcpyBatchAsync,d2d,65536,7.74,8.17
sync,cudaMemcpyBatchAsync,d2h,65536,8.76,9.23
sync,cudaMemcpyBatchAsync,h2d,65536,9.78,10.37
