# device=NVIDIA H200 NVL load=1 iters=5000 (latencies in us, median / p99)
test,api,dir,size,median_us,p99_us
kernel,launch,-,0,7.83,9.88
api,cudaMemcpyAsync,d2h,8,2.86,3.44
visible,cudaMemcpyAsync,d2h,8,5.57,6.42
sync,cudaMemcpyAsync,d2d,8,8.32,526.02
sync,cudaMemcpyAsync,d2h,8,7.79,8.81
sync,cudaMemcpyAsync,h2d,8,6.30,7.25
api,cudaMemcpyAsync,d2h,64,2.83,3.21
visible,cudaMemcpyAsync,d2h,64,5.55,6.20
sync,cudaMemcpyAsync,d2d,64,8.34,525.79
sync,cudaMemcpyAsync,d2h,64,7.79,8.78
sync,cudaMemcpyAsync,h2d,64,6.34,7.21
api,cudaMemcpyAsync,d2h,512,2.83,3.22
visible,cudaMemcpyAsync,d2h,512,5.81,6.57
sync,cudaMemcpyAsync,d2d,512,8.33,525.95
sync,cudaMemcpyAsync,d2h,512,7.86,8.91
sync,cudaMemcpyAsync,h2d,512,6.43,7.54
api,cudaMemcpyAsync,d2h,4096,2.83,3.24
visible,cudaMemcpyAsync,d2h,4096,5.99,6.79
sync,cudaMemcpyAsync,d2d,4096,8.38,526.50
sync,cudaMemcpyAsync,d2h,4096,8.06,9.11
sync,cudaMemcpyAsync,h2d,4096,6.98,8.14
api,cudaMemcpyAsync,d2h,65536,2.83,3.22
visible,cudaMemcpyAsync,d2h,65536,8.27,9.11
sync,cudaMemcpyAsync,d2d,65536,8.53,526.49
sync,cudaMemcpyAsync,d2h,65536,10.10,10.98
sync,cudaMemcpyAsync,h2d,65536,10.66,11.74
api,cudaMemcpyBatchAsync,d2h,8,3.03,3.54
visible,cudaMemcpyBatchAsync,d2h,8,5.60,6.29
sync,cudaMemcpyBatchAsync,d2d,8,7.85,8.90
sync,cudaMemcpyBatchAsync,d2h,8,7.82,8.78
sync,cudaMemcpyBatchAsync,h2d,8,7.74,8.81
api,cudaMemcpyBatchAsync,d2h,64,3.03,3.54
visible,cudaMemcpyBatchAsync,d2h,64,5.59,6.27
sync,cudaMemcpyBatchAsync,d2d,64,7.85,8.89
sync,cudaMemcpyBatchAsync,d2h,64,7.82,8.82
sync,cudaMemcpyBatchAsync,h2d,64,7.78,8.82
api,cudaMemcpyBatchAsync,d2h,512,3.03,3.48
visible,cudaMemcpyBatchAsync,d2h,512,5.85,6.61
sync,cudaMemcpyBatchAsync,d2d,512,7.91,8.95
sync,cudaMemcpyBatchAsync,d2h,512,7.90,8.90
sync,cudaMemcpyBatchAsync,h2d,512,7.86,8.90
api,cudaMemcpyBatchAsync,d2h,4096,3.03,3.56
visible,cudaMemcpyBatchAsync,d2h,4096,6.03,6.88
sync,cudaMemcpyBatchAsync,d2d,4096,8.10,9.06
sync,cudaMemcpyBatchAsync,d2h,4096,8.07,9.02
sync,cudaMemcpyBatchAsync,h2d,4096,8.38,9.38
api,cudaMemcpyBatchAsync,d2h,65536,3.04,3.50
visible,cudaMemcpyBatchAsync,d2h,65536,8.32,9.19
sync,cudaMemcpyBatchAsync,d2d,65536,9.10,10.14
sync,cudaMemcpyBatchAsync,d2h,65536,10.14,11.06
sync,cudaMemcpyBatchAsync,h2d,65536,10.74,11.82
