# GPU-triggered copy-engine dispatch (local HBM peer), H=7168 E=256 R=8 topk=8 load=1
test,H,load,mode,tokens,ctas,messages,median_us,p10_us,p90_us,GBps
ce,7168,1,block,16,8,90,54.8,50.9,74.2,11.76
ce,7168,1,block,16,20,90,52.3,48.4,59.4,12.33
ce,7168,1,block,32,8,170,59.4,57.0,61.0,20.53
ce,7168,1,block,32,20,170,59.3,56.1,60.7,20.55
ce,7168,1,block,128,8,683,119.6,117.4,121.9,40.92
ce,7168,1,block,128,20,683,101.4,100.1,107.2,48.29
ce,7168,1,block,1024,8,5446,730.9,725.9,741.0,53.41
ce,7168,1,block,1024,20,5446,590.5,588.9,596.8,66.11
ce,7168,1,block,4096,8,21711,2821.2,2808.5,2832.7,55.16
ce,7168,1,block,4096,20,21711,2243.8,2235.7,2248.8,69.36
ce,7168,1,token,16,8,90,27.8,25.5,29.2,23.20
ce,7168,1,token,16,20,90,28.3,25.2,30.7,22.83
ce,7168,1,token,32,8,170,33.8,30.6,35.2,36.06
ce,7168,1,token,32,20,170,33.7,30.4,35.1,36.20
ce,7168,1,token,128,8,683,77.5,74.2,82.0,63.17
ce,7168,1,token,128,20,683,77.1,73.7,78.9,63.51
ce,7168,1,token,1024,8,5446,484.5,482.7,488.6,80.57
ce,7168,1,token,1024,20,5446,480.0,475.6,485.2,81.32
ce,7168,1,token,4096,8,21711,1887.0,1883.2,1889.9,82.47
ce,7168,1,token,4096,20,21711,1857.3,1853.7,1859.5,83.79
