# B1 GPU-initiated dispatch (IBGDA, packed per destination, one warp nbi put per block), H=1024 E=256 R=8 topk=8 load=0, 24 QPs/peer
test,H,load,tokens,ctas,warps_per_cta,messages,median_us,p10_us,p90_us,GBps
ibgda_block,1024,0,16,8,8,90,44.1,42.9,52.2,2.09
ibgda_block,1024,0,16,20,8,90,43.1,42.4,49.2,2.14
ibgda_block,1024,0,32,8,8,170,44.7,42.6,53.4,3.90
ibgda_block,1024,0,32,20,8,170,44.2,42.6,54.2,3.94
ibgda_block,1024,0,128,8,8,683,83.1,77.0,103.2,8.42
ibgda_block,1024,0,128,20,8,683,80.1,72.9,97.0,8.73
ibgda_block,1024,0,1024,8,8,5446,468.9,456.3,478.7,11.89
ibgda_block,1024,0,1024,20,8,5446,413.5,402.5,452.4,13.49
ibgda_block,1024,0,4096,8,8,21711,1786.4,1769.3,1814.9,12.45
ibgda_block,1024,0,4096,20,8,21711,1597.4,1573.0,1616.4,13.92
