# SM-store dispatch (local HBM peer), H=7168 E=256 R=8 topk=8 load=1
test,H,load,mode,tokens,ctas,messages,median_us,p10_us,p90_us,GBps
sm,7168,1,store,16,8,90,29.1,24.6,32.8,22.18
sm,7168,1,store,16,20,90,23.5,22.0,25.4,27.47
sm,7168,1,store,32,8,170,23.6,21.3,24.8,51.53
sm,7168,1,store,32,20,170,22.2,21.1,23.4,54.95
sm,7168,1,store,128,8,683,39.9,38.0,41.3,122.79
sm,7168,1,store,128,20,683,23.0,21.8,25.3,212.49
sm,7168,1,store,1024,8,5446,251.5,248.9,254.0,155.20
sm,7168,1,store,1024,20,5446,112.3,110.1,117.5,347.65
sm,7168,1,store,4096,8,21711,975.6,969.0,984.2,159.51
sm,7168,1,store,4096,20,21711,401.7,394.4,414.6,387.45
