mem,size,t_min_us,t_typical_us,t_avg_us,p99_us,p99.9_us
host,8,1.38,1.44,1.44,1.46,2.22
host,64,1.36,1.48,1.48,1.50,2.76
host,512,1.98,2.04,2.06,2.42,3.94
host,4096,2.10,2.14,2.19,2.56,4.10
host,65536,4.66,4.82,4.85,5.08,6.10
host_imm,8,1.29,1.50,1.50,1.60,2.35
host_imm,64,1.34,1.48,1.48,1.59,2.58
host_imm,512,1.89,2.05,2.08,2.29,3.33
host_imm,4096,2.07,2.19,2.22,2.47,3.72
host_imm,65536,5.03,5.20,5.21,5.44,6.51
gpu_imm,8,2.45,2.62,2.65,3.21,4.24
gpu_imm,64,2.50,2.63,2.67,3.37,4.47
gpu_imm,512,2.64,2.78,2.86,4.69,4.93
gpu_imm,4096,2.87,2.99,3.14,7.72,11.50
gpu_imm,65536,6.03,6.31,6.57,15.22,29.46
read_host,8,2.49,2.54,2.55,2.63,4.76
read_host,64,2.36,2.39,2.39,2.47,4.77
read_host,512,2.49,2.66,2.66,2.75,5.41
read_host,4096,2.76,2.84,2.84,2.89,4.48
read_host,65536,8.27,8.33,8.33,8.40,10.43
read_gpu,8,3.17,3.31,3.35,3.77,4.73
read_gpu,64,3.23,3.33,3.36,3.77,6.15
read_gpu,512,3.39,3.52,3.56,5.20,6.24
read_gpu,4096,3.64,3.79,3.92,10.20,13.47
read_gpu,65536,8.91,9.04,9.43,26.81,29.81
