test,transport,ctas,size,GBps
p_bw,ibgda,1,1048576,0.050737
p_bw,ibrc,1,1048576,0.010263
p_bw,ibgda,2,1048576,0.102121
p_bw,ibrc,2,1048576,0.012732
p_bw,ibgda,4,1048576,0.171354
p_bw,ibrc,4,1048576,0.012705
p_bw,ibgda,8,1048576,0.256929
p_bw,ibrc,8,1048576,0.009834
p_bw,ibgda,16,1048576,0.348875
p_bw,ibrc,16,1048576,0.012889
p_bw,ibgda,32,1048576,0.289749
p_bw,ibrc,32,1048576,0.012672
p_bw,ibgda,64,1048576,0.271984
p_bw,ibrc,64,1048576,0.012102
put_bw,ibgda,4,8,0.002354
put_bw,ibgda,4,16,0.004739
put_bw,ibgda,4,32,0.003857
put_bw,ibgda,4,64,0.007602
put_bw,ibgda,4,128,0.015949
put_bw,ibgda,4,256,0.030876
put_bw,ibgda,4,512,0.062573
put_bw,ibgda,4,1024,0.118168
put_bw,ibgda,4,2048,0.251473
put_bw,ibgda,4,4096,0.479042
put_bw,ibgda,4,8192,0.998440
put_bw,ibgda,4,16384,1.914019
put_bw,ibgda,4,32768,4.063492
put_bw,ibgda,4,65536,7.477181
put_bw,ibrc,4,8,0.002370
put_bw,ibrc,4,16,0.004888
put_bw,ibrc,4,32,0.006959
put_bw,ibrc,4,64,0.014514
put_bw,ibrc,4,128,0.027137
put_bw,ibrc,4,256,0.058352
put_bw,ibrc,4,512,0.113960
put_bw,ibrc,4,1024,0.231047
put_bw,ibrc,4,2048,0.462428
put_bw,ibrc,4,4096,0.928209
put_bw,ibrc,4,8192,1.859114
put_bw,ibrc,4,16384,3.603096
put_bw,ibrc,4,32768,4.565314
put_bw,ibrc,4,65536,9.468331
put_bw,ibgda,64,8,0.000536
put_bw,ibgda,64,16,0.001092
put_bw,ibgda,64,32,0.002179
put_bw,ibgda,64,64,0.004261
put_bw,ibgda,64,128,0.008925
put_bw,ibgda,64,256,0.017652
put_bw,ibgda,64,512,0.017548
put_bw,ibgda,64,1024,0.038429
put_bw,ibgda,64,2048,0.071612
put_bw,ibgda,64,4096,0.147228
put_bw,ibgda,64,8192,0.298507
put_bw,ibgda,64,16384,0.571939
put_bw,ibgda,64,32768,1.207262
put_bw,ibgda,64,65536,2.309688
put_bw,ibrc,64,8,0.000562
put_bw,ibrc,64,16,0.001052
put_bw,ibrc,64,32,0.002040
put_bw,ibrc,64,64,0.004487
put_bw,ibrc,64,128,0.009193
put_bw,ibrc,64,256,0.017395
put_bw,ibrc,64,512,0.014595
put_bw,ibrc,64,1024,0.031062
put_bw,ibrc,64,2048,0.062998
put_bw,ibrc,64,4096,0.122476
put_bw,ibrc,64,8192,0.253440
put_bw,ibrc,64,16384,0.510367
put_bw,ibrc,64,32768,0.981783
put_bw,ibrc,64,65536,2.009419
