src,bf,size,post_med_us,cqe_med_us,cqe_p99_us
gpu,on,8,0.021,4.12,4.41
host,on,8,0.023,3.63,3.93
inline,on,8,0.024,2.66,2.95
gpu,off,8,0.020,5.13,5.51
host,off,8,0.020,4.55,4.88
inline,off,8,0.022,3.71,4.05
gpu,on,8,0.023,4.11,4.40
host,on,8,0.022,3.49,3.79
inline,on,8,0.024,2.67,2.95
gpu,off,8,0.020,5.12,5.47
host,off,8,0.021,4.58,4.92
inline,off,8,0.023,3.71,4.03
gpu,on,8,0.022,4.12,4.40
host,on,8,0.023,3.60,3.88
inline,on,8,0.025,2.67,2.95
gpu,off,8,0.020,5.14,5.47
host,off,8,0.020,4.64,4.98
inline,off,8,0.022,3.73,4.05
