path,H,tokens,ctas,period_us,reps,lost_sm_us,resid_cta_us,span_us,lost_frac
flush-warpL24,1024,16,20,50,5,543.2,505.9,31.25,0.0823
flush-warpL24,1024,16,20,100,5,539.0,504.7,30.99,0.0408
flush-warpL24,1024,128,20,200,5,3034.7,2983.7,152.69,0.115
flush-warpL24,1024,128,20,400,5,3021.6,2984.3,152.73,0.0572
flush-warpL24,7168,16,20,100,5,1032.1,993.6,57.49,0.0782
flush-warpL24,7168,16,20,200,5,1041.9,997.2,57.42,0.0395
flush-warpL24,7168,128,20,500,5,7083.5,7032.9,355.19,0.1074
flush-warpL24,7168,128,20,1000,5,7050.6,6999.3,353.52,0.0535
local,1024,16,20,50,5,78.1,57.7,4.25,0.0118
local,1024,16,20,100,5,75.9,57.7,4.23,0.0057
local,1024,128,20,200,5,94.5,79.5,5.23,0.0036
local,1024,128,20,400,5,102.3,79.5,5.25,0.0019
local,7168,16,20,100,5,96.6,71.9,5.52,0.0073
local,7168,16,20,200,5,96.6,71.9,5.56,0.0037
local,7168,128,20,500,5,229.5,208.5,12.54,0.0035
local,7168,128,20,1000,5,224.7,208.6,12.53,0.0017
ordered-destL24,1024,16,20,50,5,136.9,94.7,11.8,0.0207
ordered-destL24,1024,16,20,100,5,135.4,97.1,11.96,0.0103
ordered-destL24,1024,128,20,200,5,341.5,305.9,24.86,0.0129
ordered-destL24,1024,128,20,400,5,329.8,304.7,24.81,0.0062
ordered-destL24,7168,16,20,100,5,142.2,98.1,11.87,0.0108
ordered-destL24,7168,16,20,200,5,141.2,99.5,11.99,0.0053
ordered-destL24,7168,128,20,500,5,374.7,352.5,24.98,0.0057
ordered-destL24,7168,128,20,1000,5,393.6,353.1,25.02,0.003
