filler,path,H,tokens,ctas,period_us,reps,lost_sm_us,resid_cta_us,span_us,lost_frac,tflops_alone,tflops_with,dispatch_event_us
gemm-up,flush-warpL24,1024,16,20,100,5,454.4,536.8,44.91,0.0119,848.1,838.0,186.4
gemm-up,flush-warpL24,1024,16,20,200,5,577.5,536.8,44.89,0.0151,851.0,838.0,375.6
gemm-up,flush-warpL24,1024,128,20,200,5,3277.3,2916.0,160.47,0.0421,850.9,814.5,590.0
gemm-up,flush-warpL24,1024,128,20,400,5,3343.3,2928.9,160.43,0.0429,851.0,814.5,589.8
gemm-up,flush-warpL24,7168,16,20,100,5,1634.0,1251.0,73.84,0.0215,850.5,832.2,578.1
gemm-up,flush-warpL24,7168,16,20,200,5,1661.0,1249.3,73.74,0.0218,851.0,832.2,577.2
gemm-up,flush-warpL24,7168,128,20,500,5,8620.8,8293.4,430.55,0.1035,851.0,762.9,632.4
gemm-up,flush-warpL24,7168,128,20,1000,5,7776.0,7366.8,388.1,0.0589,851.0,800.8,651.2
gemm-up,local,1024,16,20,100,5,51.3,81.5,9.87,0.0015,846.9,846.1,76.1
gemm-up,local,1024,16,20,200,5,94.3,81.5,9.74,0.0028,851.2,848.8,74.5
gemm-up,local,1024,128,20,200,5,96.5,104.5,12.75,0.0028,851.0,848.5,73.9
gemm-up,local,1024,128,20,400,5,65.6,94.2,10.48,0.0012,850.7,849.7,229.0
gemm-up,local,7168,16,20,100,5,70.8,95.3,11.7,0.0021,850.5,848.7,79.3
gemm-up,local,7168,16,20,200,5,83.8,95.2,11.68,0.0025,851.0,848.8,76.3
gemm-up,local,7168,128,20,500,5,504.9,239.0,20.72,0.0076,848.5,843.9,248.0
gemm-up,local,7168,128,20,1000,5,628.6,239.9,20.9,0.0048,851.0,846.9,238.5
gemm-up,ordered-destL24,1024,16,20,100,5,113.1,128.5,22.15,0.0032,851.0,848.2,79.0
gemm-up,ordered-destL24,1024,16,20,200,5,113.4,128.6,22.1,0.0032,851.0,848.2,86.7
gemm-up,ordered-destL24,1024,128,20,200,5,335.2,321.6,34.88,0.0089,851.0,843.4,331.7
gemm-up,ordered-destL24,1024,128,20,400,5,517.5,326.7,32.54,0.0098,851.0,842.6,259.6
gemm-up,ordered-destL24,7168,16,20,100,5,121.2,133.3,22.15,0.0034,851.0,848.0,80.2
gemm-up,ordered-destL24,7168,16,20,200,5,116.3,133.5,21.99,0.0032,851.0,848.2,81.7
gemm-up,ordered-destL24,7168,128,20,500,5,643.2,349.0,34.06,0.0097,850.9,842.6,258.5
gemm-up,ordered-destL24,7168,128,20,1000,5,675.2,355.1,34.28,0.0051,850.7,846.4,256.6
