path,H,load,tokens,ctas,runs,send,drain,signal,flight,seen_us,seen_p90_us,arr_last_us,oneway_med_us,cta_loop_us,cta_drain_us,cta_tail_us,cta_total_us,w_route_us,w_load_us,w_smem_us,w_stage_us,w_post_us,w_store_us,missing_max
flush-warpL24,7168,0,1,20,20,8.06,14.34,3.84,4.87,32.0,34.3,22.78,10.75,17.07,403.47,18.57,439.44,0.8,0.06,0.0,0.35,5.92,0.0,0.0
flush-warpL24,7168,0,16,20,20,22.02,31.23,4.09,4.86,62.21,72.96,53.25,27.01,190.26,764.61,18.62,969.33,12.84,1.27,0.1,5.29,156.64,0.0,0.0
flush-warpL24,7168,0,128,20,20,25.47,326.01,4.1,4.86,360.7,380.42,351.74,177.28,295.33,6747.81,19.01,7047.42,108.75,38.21,0.99,116.44,872.24,0.0,0.0
local,7168,0,1,20,20,1.79,1.54,1.28,0.25,4.86,5.12,3.07,1.28,10.45,16.64,14.91,41.94,0.8,0.06,0.0,0.0,0.0,0.48,0.0
local,7168,0,16,20,20,1.79,1.79,1.28,0.52,5.38,5.63,3.58,1.28,29.18,27.66,14.56,71.45,12.72,0.93,0.15,0.0,0.0,7.01,0.0
local,7168,0,128,20,20,9.22,1.79,1.28,0.26,12.8,12.8,11.26,0.77,157.03,36.77,14.4,208.16,108.78,38.12,0.8,0.0,0.0,503.48,0.0
ordered-destL24,7168,0,1,20,20,4.35,0.0,4.35,10.12,18.82,32.77,16.9,12.67,13.28,0.0,18.4,31.61,0.8,0.06,0.0,0.32,2.34,0.0,0.0
ordered-destL24,7168,0,16,20,20,7.68,0.0,4.6,44.55,56.96,75.52,55.04,31.87,82.45,0.0,18.38,100.71,12.58,1.18,0.1,5.27,49.45,0.0,0.0
ordered-destL24,7168,0,128,20,20,21.25,0.0,4.36,318.33,344.06,377.09,342.4,169.09,345.49,0.0,18.46,363.73,107.0,40.27,0.91,116.84,1220.75,0.0,0.0
