path,language,code_lines,category,vendored,split_scale_up,split_scale_out,split_common
src/enqueue/enqueue.cc,C++,2927,common,0,,,
src/ras/client_support.cc,C++,1984,common,0,,,
src/ras/diagnostics_pci.cc,C++,1471,common,0,,,
src/bootstrap.cc,C++,1319,common,0,,,
src/os/windows.cc,C++,1270,common,0,,,
src/graph/xml.cc,C++,1245,common,0,,,
src/plugin/profiler.cc,C++,1244,common,0,,,
src/device/prims_simple.h,C/C++ Header,1185,common,0,,,
src/device/reduce_kernel.h,C/C++ Header,1110,common,0,,,
src/ras/rasnet.cc,C++,1058,common,0,,,
src/group.cc,C++,1017,common,0,,,
src/ras/diagnostics_xid.cc,C++,913,common,0,,,
src/mem_manager.cc,C++,856,common,0,,,
src/include/collectives.h,C/C++ Header,854,common,0,,,
src/enqueue/task_prep/task_posttuning.cc,C++,853,common,0,,,
src/ras/collectives.cc,C++,825,common,0,,,
src/os/linux.cc,C++,758,common,0,,,
src/include/nvtx3/nvtx3.hpp,C/C++ Header,743,common,1,,,
src/ras/peers.cc,C++,734,common,0,,,
src/include/comm.h,C/C++ Header,723,common,0,,,
src/misc/crypt.cc,C++,715,common,0,,,
src/include/nccl_device/impl/vector__funcs.h,C/C++ Header,667,common,0,,,
src/ras/diagnostics_gpu.cc,C++,607,common,0,,,
src/misc/socket.cc,C++,577,common,0,,,
src/include/utils.h,C/C++ Header,560,common,0,,,
src/ras/ras.cc,C++,533,common,0,,,
src/include/device.h,C/C++ Header,532,common,0,,,
src/include/alloc.h,C/C++ Header,529,common,0,,,
src/ras/client.cc,C++,502,common,0,,,
src/include/nvtx3/nvtxDetail/nvtxInitDefs.h,C/C++ Header,495,common,1,,,
src/device/op128.h,C/C++ Header,493,common,0,,,
src/include/bitops.h,C/C++ Header,478,common,0,,,
src/ras/diagnostics.cc,C++,452,common,0,,,
src/collectives.cc,C++,443,common,0,,,
src/misc/nvmlwrap.cc,C++,439,common,0,,,
src/misc/utils.cc,C++,430,common,0,,,
src/include/nccl_device/utility.h,C/C++ Header,428,common,0,,,
src/ras/ras_internal.h,C/C++ Header,423,common,0,,,
src/os/windows_stubs.cc,C++,414,common,0,,,
src/device/common.h,C/C++ Header,397,common,0,,,
src/graph/xml.h,C/C++ Header,396,common,0,,,
src/tuning/cost_model.cc,C++,395,common,0,,,
src/debug.cc,C++,394,common,0,,,
src/allocator.cc,C++,382,common,0,,,
src/misc/strongstream.cc,C++,374,common,0,,,
src/include/nvtx3/nvtxDetail/nvtxImpl.h,C/C++ Header,362,common,1,,,
src/device/prims_ll128.h,C/C++ Header,360,common,0,,,
src/device/prims_ll.h,C/C++ Header,346,common,0,,,
src/include/nvtx3/nvToolsExtPayload.h,C/C++ Header,336,common,1,,,
src/ras/diagnostics_env.cc,C++,335,common,0,,,
src/ras/progress_monitor.cc,C++,333,common,0,,,
src/device/generate.py,Python,327,common,0,,,
src/misc/cudawrap.cc,C++,325,common,0,,,
src/include/nccl_device/impl/core__funcs.h,C/C++ Header,292,common,0,,,
src/tuning/tuning.cc,C++,280,common,0,,,
src/graph/topo.h,C/C++ Header,272,common,0,,,
src/include/nvtx3/nvtxDetail/nvtxImplCore.h,C/C++ Header,270,common,1,,,
src/include/nvtx3/nvtxDetail/nvtxExtInit.h,C/C++ Header,263,common,1,,,
src/include/nvmlwrap.h,C/C++ Header,254,common,0,,,
src/include/nccl_device/coop.h,C/C++ Header,249,common,0,,,
src/enqueue/task_prep/task_pretuning.cc,C++,233,common,0,,,
src/include/checks.h,C/C++ Header,229,common,0,,,
src/include/nvtx3/nvtxDetail/nvtxTypes.h,C/C++ Header,226,common,1,,,
src/include/nvtx3/nvToolsExtMem.h,C/C++ Header,222,common,1,,,
src/ras/diagnostics_paths.cc,C++,221,common,0,,,
src/rma/rma.cc,C++,221,common,0,,,
src/misc/argcheck.cc,C++,217,common,0,,,
src/include/nvtx3/nvtxDetail/nvtxInit.h,C/C++ Header,215,common,1,,,
src/include/transport.h,C/C++ Header,199,common,0,,,
src/plugin/profiler/profiler_v6.cc,C++,194,common,0,,,
src/include/cudawrap.h,C/C++ Header,193,common,0,,,
src/device/common_kernel.h,C/C++ Header,191,common,0,,,
src/include/nvtx3/nvtxDetail/nvtxExtPayloadHelperInternal.h,C/C++ Header,190,common,1,,,
src/include/nvtx3/nvToolsExt.h,C/C++ Header,188,common,1,,,
src/tuning/tuning_general.cc,C++,188,common,0,,,
src/register/register.cc,C++,181,common,0,,,
src/include/nccl_device/impl/barrier__funcs.h,C/C++ Header,178,common,0,,,
src/plugin/profiler/profiler_v5.cc,C++,178,common,0,,,
src/scheduler/allgatherv_sched.cc,C++,171,common,0,,,
src/include/nvtx.h,C/C++ Header,169,common,0,,,
src/devcomm/devcomm_v23000.cc,C++,166,common,0,,,
src/include/graph.h,C/C++ Header,161,common,0,,,
src/dev_runtime_segments.cc,C++,160,common,0,,,
src/ras/diagnostics_checks_common.cc,C++,159,common,0,,,
src/include/param/param.h,C/C++ Header,155,common,0,,,
src/plugin/plugin_open.cc,C++,153,common,0,,,
src/plugin/profiler/profiler_v1.cc,C++,151,common,0,,,
src/include/nccl_device/host.h,C/C++ Header,147,common,0,,,
src/include/param/parser_default.h,C/C++ Header,147,common,0,,,
src/channel.cc,C++,143,common,0,,,
src/enqueue/task_prep/task_classify.cc,C++,141,common,0,,,
src/include/nccl_device/impl/ptr__funcs.h,C/C++ Header,136,common,0,,,
src/include/nvtx3/nvToolsExtCounters.h,C/C++ Header,136,common,1,,,
src/include/plugin/profiler/profiler_v7.h,C/C++ Header,136,common,0,,,
src/include/nvtx3/nvtxDetail/nvtxImplOpenCL_v3.h,C/C++ Header,135,common,1,,,
src/devcomm/devcomm_v22902.cc,C++,134,common,0,,,
src/param/c_api.cc,C++,131,common,0,,,
src/include/nccl_device/core.h,C/C++ Header,128,common,0,,,
src/device/sendrecv.h,C/C++ Header,127,common,0,,,
src/include/socket.h,C/C++ Header,126,common,0,,,
src/plugin/profiler/profiler_v4.cc,C++,126,common,0,,,
src/transport/generic.cc,C++,125,common,0,,,
src/plugin/profiler/profiler_v3.cc,C++,123,common,0,,,
src/device/onerank.cu,CUDA,122,common,0,,,
src/device/primitives.h,C/C++ Header,121,common,0,,,
src/include/mem_manager.h,C/C++ Header,115,common,0,,,
src/plugin/profiler/profiler_v2.cc,C++,113,common,0,,,
src/tuning/ring.cc,C++,112,common,0,,,
src/diagnostics.cc,C++,111,common,0,,,
src/include/param/utils.h,C/C++ Header,111,common,0,,,
src/include/plugin/profiler/profiler_v6.h,C/C++ Header,110,common,0,,,
src/include/compiler/msvc.h,C/C++ Header,106,common,0,,,
src/devcomm/devcomm_v22907.cc,C++,104,common,0,,,
src/include/nccl_device/impl/vector__types.h,C/C++ Header,104,common,0,,,
src/include/nvtx3/nvtxDetail/nvtxExtImplPayload_v1.h,C/C++ Header,102,common,1,,,
src/include/profiler.h,C/C++ Header,102,common,0,,,
src/include/dev_runtime.h,C/C++ Header,101,common,0,,,
src/include/nvtx3/nvtxDetail/nvtxExtPayloadTypeInfo.h,C/C++ Header,100,common,1,,,
src/plugin/tuner.cc,C++,100,common,0,,,
src/include/nvtx3/nvtxDetail/nvtxExtImplCounters_v1.h,C/C++ Header,99,common,1,,,
src/include/nvtx_payload_schemas.h,C/C++ Header,99,common,0,,,
src/include/plugin/profiler/profiler_v5.h,C/C++ Header,98,common,0,,,
src/include/group.h,C/C++ Header,95,common,0,,,
src/plugin/env.cc,C++,95,common,0,,,
src/include/enqueue/raw_task.h,C/C++ Header,94,common,0,,,
src/include/os.h,C/C++ Header,94,common,0,,,
src/include/param/parser_bitset.h,C/C++ Header,94,common,0,,,
src/include/debug.h,C/C++ Header,91,common,0,,,
src/tuning/pat.cc,C++,90,common,0,,,
src/device/all_gather_v.h,C/C++ Header,89,common,0,,,
src/misc/param.cc,C++,89,common,0,,,
src/include/tuning.h,C/C++ Header,85,common,0,,,
src/include/nvtx3/nvtxDetail/nvtxExtImplMem_v1.h,C/C++ Header,84,common,1,,,
src/os/windows_socket_pair.cc,C++,84,common,0,,,
src/config/algorithm_registry.cc,C++,82,common,0,,,
src/include/cpuset.h,C/C++ Header,82,common,0,,,
src/ras/diagnostics.h,C/C++ Header,82,common,0,,,
src/config/collconfig.cc,C++,81,common,0,,,
src/include/nvtx3/nvtxDetail/nvtxImplCuda_v3.h,C/C++ Header,81,common,1,,,
src/include/plugin/nccl_profiler.h,C/C++ Header,81,common,0,,,
src/include/param/parser_common.h,C/C++ Header,78,common,0,,,
src/include/strongstream.h,C/C++ Header,77,common,0,,,
src/tuning/sym_model.cc,C++,77,common,0,,,
src/dev_runtime_internal.h,C/C++ Header,74,common,0,,,
src/include/nccl_common.h,C/C++ Header,74,common,0,,,
src/include/plugin/profiler/profiler_v4.h,C/C++ Header,74,common,0,,,
src/include/plugin/profiler/profiler_v3.h,C/C++ Header,70,common,0,,,
src/device/broadcast.h,C/C++ Header,69,common,0,,,
src/tuning/tree.cc,C++,68,common,0,,,
src/include/nvtx3/nvtxDetail/nvtxInitDecls.h,C/C++ Header,67,common,1,,,
src/include/plugin/profiler/profiler_v1.h,C/C++ Header,67,common,0,,,
src/include/nvtx3/nvtxDetail/nvtxImplSync_v3.h,C/C++ Header,65,common,1,,,
src/nccl_device/core.cc,C++,65,common,0,,,
src/include/plugin/profiler/profiler_v2.h,C/C++ Header,64,common,0,,,
src/include/nvtx3/nvtxDetail/nvtxImplCudaRt_v3.h,C/C++ Header,63,common,1,,,
src/include/nvtx3/nvtxDetail/nvtxExtImpl.h,C/C++ Header,62,common,1,,,
src/include/nvtx3/nvToolsExtSync.h,C/C++ Header,61,common,1,,,
src/device/reduce.h,C/C++ Header,60,common,0,,,
src/include/enqueue.h,C/C++ Header,60,common,0,,,
src/include/timer.h,C/C++ Header,60,common,0,,,
src/include/nvtx3/nvToolsExtOpenCL.h,C/C++ Header,58,common,1,,,
src/include/nccl_device/impl/comm__types.h,C/C++ Header,57,common,0,,,
src/include/nvtx3/nvToolsExtMemCudaRt.h,C/C++ Header,56,common,1,,,
src/plugin/tuner/tuner_v2.cc,C++,54,common,0,,,
src/graph/rings.cc,C++,52,common,0,,,
src/include/param/parser_enum.h,C/C++ Header,52,common,0,,,
src/misc/shmutils.cc,C++,52,common,0,,,
src/include/nvtx3/nvtxDetail/nvtxLinkOnce.h,C/C++ Header,51,common,1,,,
src/include/os/windows.h,C/C++ Header,50,common,0,,,
src/include/register.h,C/C++ Header,50,common,0,,,
src/include/param/common.h,C/C++ Header,49,common,0,,,
src/include/param/parser_list.h,C/C++ Header,49,common,0,,,
src/ras/diagnostics_checks.h,C/C++ Header,49,common,0,,,
src/graph/trees.cc,C++,48,common,0,,,
src/param/ncclparam.cc,C++,48,common,0,,,
src/ras/ras_param.cc,C++,47,common,0,,,
src/include/allocator.h,C/C++ Header,46,common,0,,,
src/include/nccl_device/ptr.h,C/C++ Header,46,common,0,,,
src/include/nvtx3/nvtxDetail/nvtxExtImplMemCudaRt_v1.h,C/C++ Header,46,common,1,,,
src/config/algorithm_parser.cc,C++,43,common,0,,,
src/include/nvtx3/nvToolsExtCuda.h,C/C++ Header,43,common,1,,,
src/include/plugin/nccl_tuner.h,C/C++ Header,43,common,0,,,
src/include/compiler/gcc.h,C/C++ Header,41,common,0,,,
src/include/nccl_device/impl/core__types.h,C/C++ Header,40,common,0,,,
src/include/nvtx3/nvToolsExtCudaRt.h,C/C++ Header,39,common,1,,,
src/include/nccl_device/barrier.h,C/C++ Header,38,common,0,,,
src/tuning/cost_model.h,C/C++ Header,37,common,0,,,
src/include/config/collconfig.h,C/C++ Header,36,common,0,,,
src/include/param/param_registry.h,C/C++ Header,35,common,0,,,
src/os/linux_socket_pair.cc,C++,35,common,0,,,
src/plugin/tuner/tuner_v3.cc,C++,35,common,0,,,
src/plugin/tuner/tuner_v5.cc,C++,35,common,0,,,
src/include/core.h,C/C++ Header,34,common,0,,,
src/include/enqueue/mgmt_task_enq.h,C/C++ Header,34,common,0,,,
src/register/sendrecv_reg.cc,C++,34,common,0,,,
src/include/os/linux.h,C/C++ Header,33,common,0,,,
src/param/param.cc,C++,33,common,0,,,
src/include/nvtx3/nvToolsExtSemanticsCounters.h,C/C++ Header,31,common,1,,,
src/enqueue/mgmt_task_enq.cc,C++,30,common,0,,,
src/include/plugin/tuner/tuner_v5.h,C/C++ Header,30,common,0,,,
src/include/rma/rma.h,C/C++ Header,30,common,0,,,
src/include/bootstrap.h,C/C++ Header,29,common,0,,,
src/include/info.h,C/C++ Header,29,common,0,,,
src/param/param_registry.cc,C++,28,common,0,,,
src/plugin/tuner/tuner_v4.cc,C++,28,common,0,,,
src/enhcompat.cc,C++,25,common,0,,,
src/include/nvtx3/nvtxDetail/nvtxExtTypes.h,C/C++ Header,25,common,1,,,
src/ras/diagnostics_checks_common.h,C/C++ Header,25,common,0,,,
src/include/channel.h,C/C++ Header,24,common,0,,,
src/include/enqueue/task_sched.h,C/C++ Header,24,common,0,,,
src/include/plugin/plugin.h,C/C++ Header,23,common,0,,,
src/plugin/env/env_v1.cc,C++,23,common,0,,,
src/devcomm/devcomm_v22902.h,C/C++ Header,21,common,0,,,
src/include/param.h,C/C++ Header,21,common,0,,,
src/init_nvtx.cc,C++,21,common,0,,,
src/tuning/tuning_int.h,C/C++ Header,21,common,0,,,
src/include/crypt.h,C/C++ Header,20,common,0,,,
src/include/diagnostics_log.h,C/C++ Header,20,common,0,,,
src/device/common.cu,CUDA,19,common,0,,,
src/enqueue/task_prep/task_prep.cc,C++,19,common,0,,,
src/include/compiler.h,C/C++ Header,19,common,0,,,
src/include/config/algorithm_registry.h,C/C++ Header,19,common,0,,,
src/include/nccl_device/impl/barrier__types.h,C/C++ Header,19,common,0,,,
src/plugin/env/default_env.cc,C++,19,common,0,,,
src/include/nccl_device.h,C/C++ Header,18,common,0,,,
src/include/register_inline.h,C/C++ Header,18,common,0,,,
src/tuning/sym_model/model.h,C/C++ Header,18,common,0,,,
src/include/nvtx3/nvToolsExtPayloadHelper.h,C/C++ Header,17,common,1,,,
src/include/shmutils.h,C/C++ Header,17,common,0,,,
src/include/enqueue/task_pretuning.h,C/C++ Header,16,common,0,,,
src/include/plugin/tuner/tuner_v6.h,C/C++ Header,16,common,0,,,
src/include/ras.h,C/C++ Header,16,common,0,,,
src/include/scheduler.h,C/C++ Header,16,common,0,,,
src/include/enqueue/task_classify.h,C/C++ Header,15,common,0,,,
src/include/argcheck.h,C/C++ Header,14,common,0,,,
src/include/nvtx3/nvtxDetail/nvtxExtHelperMacros.h,C/C++ Header,14,common,1,,,
src/plugin/profiler/profiler_v7.cc,C++,14,common,0,,,
src/enqueue/task_sched/task_sched.cc,C++,13,common,0,,,
src/plugin/env/env_v2.cc,C++,13,common,0,,,
src/ras/ras_param.h,C/C++ Header,13,common,0,,,
src/diagnostics.h,C/C++ Header,12,common,0,,,
src/include/os_socket_pair.h,C/C++ Header,12,common,0,,,
src/plugin/tuner/tuner_v6.cc,C++,12,common,0,,,
src/include/plugin/env/env_v2.h,C/C++ Header,11,common,0,,,
src/enqueue/task_sched/allgatherv_sched.cc,C++,10,common,0,,,
src/enqueue/task_sched/legacy_sched.cc,C++,10,common,0,,,
src/enqueue/task_sched/p2p_sched.cc,C++,10,common,0,,,
src/enqueue/task_sched/rma_sched.cc,C++,10,common,0,,,
src/enqueue/task_sched/sym_sched.cc,C++,10,common,0,,,
src/include/plugin/env/env_v1.h,C/C++ Header,10,common,0,,,
src/include/plugin/tuner/tuner_v2.h,C/C++ Header,10,common,0,,,
src/include/plugin/tuner/tuner_v3.h,C/C++ Header,10,common,0,,,
src/include/plugin/tuner/tuner_v4.h,C/C++ Header,10,common,0,,,
src/include/rma.h,C/C++ Header,10,common,0,,,
src/devcomm/devcomm_v23100.cc,C++,9,common,0,,,
src/include/env.h,C/C++ Header,9,common,0,,,
src/include/nvtx3/nvToolsExtSemanticsScope.h,C/C++ Header,8,common,1,,,
src/include/param/parsers.h,C/C++ Header,8,common,0,,,
src/include/progress_monitor.h,C/C++ Header,8,common,0,,,
src/misc/git_version.cc,C++,8,common,0,,,
src/include/plugin/nccl_env.h,C/C++ Header,7,common,0,,,
src/include/trees.h,C/C++ Header,7,common,0,,,
src/include/tuner.h,C/C++ Header,7,common,0,,,
src/include/config/algorithm_parser.h,C/C++ Header,6,common,0,,,
src/include/enqueue/task_posttuning.h,C/C++ Header,6,common,0,,,
src/include/nccl_device/impl/ptr__types.h,C/C++ Header,5,common,0,,,
src/include/nccl_device/comm.h,C/C++ Header,4,common,0,,,
src/include/nccl_device/impl/comm__funcs.h,C/C++ Header,4,common,0,,,
src/graph/rings.h,C/C++ Header,1,common,0,,,
src/init.cc,C++,3266,mixed,0,0,10,3256
src/graph/topo.cc,C++,2140,mixed,0,111,693,1336
src/dev_runtime.cc,C++,1970,mixed,0,313,109,1548
src/proxy.cc,C++,1902,mixed,0,193,819,890
src/graph/search.cc,C++,1296,mixed,0,33,345,918
src/graph/paths.cc,C++,910,mixed,0,180,211,519
src/device/all_reduce.h,C/C++ Header,661,mixed,0,213,228,220
src/device/all_gather.h,C/C++ Header,588,mixed,0,207,157,224
src/device/reduce_scatter.h,C/C++ Header,526,mixed,0,187,145,194
src/register/coll_reg.cc,C++,498,mixed,0,98,22,378
src/graph/connect.cc,C++,439,mixed,0,67,61,311
src/transport.cc,C++,421,mixed,0,0,102,319
src/include/proxy.h,C/C++ Header,377,mixed,0,8,171,198
src/transport/net_ib/gdaki/doca-gpunetio/include/host/mlx5_ifc.h,C/C++ Header,4253,scale-out,1,,,
src/transport/net_ib/gdaki/doca-gpunetio/src/doca_verbs_qp.cpp,C++,3105,scale-out,1,,,
src/transport/net_ib/gdaki/doca-gpunetio/src/doca_verbs_qp_sdk_wrapper.cpp,C++,1854,scale-out,1,,,
src/transport/net.cc,C++,1833,scale-out,0,,,
src/transport/coll_net.cc,C++,1575,scale-out,0,,,
src/transport/net_ib/gdaki/doca-gpunetio/src/doca_gpunetio_high_level.cpp,C++,1503,scale-out,1,,,
src/include/nccl_device/impl/gin__funcs.h,C/C++ Header,1483,scale-out,0,,,
src/transport/net_ib/connect.cc,C++,1431,scale-out,0,,,
src/transport/net_ib/gdaki/doca-gpunetio/src/doca_gpunetio.cpp,C++,1381,scale-out,1,,,
src/transport/net_ib/p2p_resiliency_recovery.cc,C++,1263,scale-out,0,,,
src/transport/net_ib/gdaki/gin_host_gdaki.cc,C++,1178,scale-out,0,,,
src/transport/net_ib/p2p_resiliency.cc,C++,1024,scale-out,0,,,
src/transport/net_nd/ndspi.h,C/C++ Header,968,scale-out,1,,,
src/transport/net_nd/connect.cc,C++,931,scale-out,0,,,
src/transport/net_ib/gdaki/doca-gpunetio/src/doca_verbs_cq.cpp,C++,927,scale-out,1,,,
src/include/ibvcore.h,C/C++ Header,889,scale-out,1,,,
src/transport/net_ib/gdaki/doca-gpunetio/include/device/doca_gpunetio_dev_verbs_qp.cuh,CUDA,815,scale-out,1,,,
src/transport/net_ib/p2p.cc,C++,789,scale-out,0,,,
src/transport/net_ib/gin.cc,C++,782,scale-out,0,,,
src/include/nccl_device/gin/gpi/gin_gpi.h,C/C++ Header,761,scale-out,0,,,
src/transport/net_nd/p2p.cc,C++,751,scale-out,0,,,
src/transport/net_ib/gdaki/doca-gpunetio/include/device/doca_gpunetio_dev_verbs_onesided.cuh,CUDA,718,scale-out,1,,,
src/misc/gdrwrap.cc,C++,703,scale-out,0,,,
src/transport/net_socket.cc,C++,627,scale-out,0,,,
src/include/nccl_device/gin/gdaki/gin_gdaki.h,C/C++ Header,621,scale-out,0,,,
src/transport/net_ib/gdaki/doca-gpunetio/src/doca_verbs_cq_sdk_wrapper.cpp,C++,617,scale-out,1,,,
src/transport/net_ib/init.cc,C++,603,scale-out,0,,,
src/transport/rma_socket.cc,C++,580,scale-out,0,,,
src/transport/net_nd/init.cc,C++,579,scale-out,0,,,
src/rma/rma_proxy_launch.cc,C++,578,scale-out,0,,,
src/gin/gin_host_proxy.cc,C++,570,scale-out,0,,,
src/transport/net_ib/common.h,C/C++ Header,568,scale-out,0,,,
src/include/nccl_device/gin/efa_gda/gin_efa_gda.h,C/C++ Header,554,scale-out,0,,,
src/diagnostics/ib_write_bw.cc,C++,514,scale-out,0,,,
src/transport/net_ib/gdaki/doca-gpunetio/include/device/doca_gpunetio_dev_verbs_counter.cuh,CUDA,511,scale-out,1,,,
src/transport/net_nd/common.h,C/C++ Header,504,scale-out,0,,,
src/transport/net_nd/ndwrap.cc,C++,477,scale-out,0,,,
src/rma/rma_proxy.cc,C++,466,scale-out,0,,,
src/gin/gin_host.cc,C++,460,scale-out,0,,,
src/include/nccl_device/gin/proxy/gin_proxy.h,C/C++ Header,453,scale-out,0,,,
src/plugin/net.cc,C++,452,scale-out,0,,,
src/transport/net_nd/reg.cc,C++,444,scale-out,0,,,
src/transport/net_ib/gdaki/doca-gpunetio/include/host/doca_verbs.h,C/C++ Header,441,scale-out,1,,,
src/misc/ibvwrap.cc,C++,437,scale-out,0,,,
src/transport/net_ib/gdaki/doca-gpunetio/src/doca_verbs_srq.cpp,C++,422,scale-out,1,,,
src/transport/net_efa_gda/efa-dp-direct/include/device/efa_cuda_dp_impl.cuh,CUDA,377,scale-out,1,,,
src/transport/net_ib/gdaki/doca-gpunetio/include/common/doca_gpunetio_verbs_def.h,C/C++ Header,367,scale-out,1,,,
src/transport/net_ib/gdaki/doca-gpunetio/include/device/doca_gpunetio_dev_verbs_common.cuh,CUDA,340,scale-out,1,,,
src/include/nccl_device/gin.h,C/C++ Header,333,scale-out,0,,,
src/transport/net_ib/gdaki/doca-gpunetio/src/doca_verbs_mlx5dv_wrapper.h,C/C++ Header,330,scale-out,1,,,
src/transport/net_ib/gdaki/doca-gpunetio/include/device/doca_gpunetio_dev_verbs_cq.cuh,CUDA,329,scale-out,1,,,
src/transport/net_efa_gda/efa-dp-direct/src/efa_cuda_dp.cpp,C++,323,scale-out,1,,,
src/transport/net_ib/wqe_lat_mon.cc,C++,315,scale-out,0,,,
src/plugin/gin.cc,C++,313,scale-out,0,,,
src/transport/net_ib/gdaki/doca-gpunetio/src/doca_verbs_ibv_wrapper.cpp,C++,288,scale-out,1,,,
src/transport/rma_socket_progress_recver.cc,C++,288,scale-out,0,,,
src/transport/net_ib/gdaki/doca-gpunetio/src/doca_verbs_mlx5dv_wrapper.cpp,C++,284,scale-out,1,,,
src/transport/net_ib/gdaki/doca-gpunetio/src/doca_verbs_ibv_wrapper.h,C/C++ Header,269,scale-out,1,,,
src/transport/net_ib/gdaki/doca-gpunetio/src/doca_gpunetio_sdk_wrapper.cpp,C++,258,scale-out,1,,,
src/device/symmetric/gin_scratch__funcs.h,C/C++ Header,249,scale-out,0,,,
src/plugin/rma.cc,C++,249,scale-out,0,,,
src/transport/net_ib/gdaki/doca-gpunetio/src/doca_verbs_umem.cpp,C++,247,scale-out,1,,,
src/transport/net_ib/gdaki/doca-gpunetio/src/doca_gpunetio_gdrcopy.cpp,C++,246,scale-out,1,,,
src/include/gdrwrap.h,C/C++ Header,238,scale-out,0,,,
src/transport/net_ib/gdaki/doca-gpunetio/src/doca_verbs_device_attr.cpp,C++,238,scale-out,1,,,
src/transport/net_nd/common.cc,C++,237,scale-out,0,,,
src/transport/net_ib/gdaki/doca-gpunetio/src/doca_verbs_uar.cpp,C++,234,scale-out,1,,,
src/transport/net_ib/common.cc,C++,231,scale-out,0,,,
src/transport/rma_socket_setup.cc,C++,230,scale-out,0,,,
src/rma/rma_proxy_progress.cc,C++,225,scale-out,0,,,
src/device/network/unpack/unpack.h,C/C++ Header,223,scale-out,0,,,
src/plugin/net/net_v8.cc,C++,212,scale-out,0,,,
src/transport/net_ib/gdaki/doca-gpunetio/src/doca_verbs_umem_sdk_wrapper.cpp,C++,209,scale-out,1,,,
src/include/nccl_device/gin/gin_device_common.h,C/C++ Header,200,scale-out,0,,,
src/include/nccl_device/impl/gin_barrier__funcs.h,C/C++ Header,197,scale-out,0,,,
src/plugin/net/net_v6.cc,C++,196,scale-out,0,,,
src/device/symmetric/reduce_scatter_gin.cuh,CUDA,193,scale-out,0,,,
src/plugin/net/net_v7.cc,C++,192,scale-out,0,,,
src/plugin/net/net_v10.cc,C++,187,scale-out,0,,,
src/plugin/net/net_v9.cc,C++,185,scale-out,0,,,
src/transport/net_efa_gda/efa-dp-direct/include/common/efa_io_defs.h,C/C++ Header,181,scale-out,1,,,
src/device/symmetric/gin_scratch__types.h,C/C++ Header,180,scale-out,0,,,
src/include/rma/rma_proxy.h,C/C++ Header,179,scale-out,0,,,
src/transport/net_ib/gdaki/doca-gpunetio/src/doca_verbs_dev_sdk_wrapper.cpp,C++,179,scale-out,1,,,
src/transport/rma_socket.h,C/C++ Header,167,scale-out,0,,,
src/transport/net_ib/gdaki/doca-gpunetio/src/doca_verbs_uar_sdk_wrapper.cpp,C++,154,scale-out,1,,,
src/transport/net_ib/gdaki/doca-gpunetio/src/doca_verbs_qp.hpp,C/C++ Header,153,scale-out,1,,,
src/transport/net_ib/gdaki/doca-gpunetio/src/doca_verbs_qp_sdk_wrapper.h,C/C++ Header,149,scale-out,1,,,
src/plugin/net/net_v11.cc,C++,145,scale-out,0,,,
src/misc/ibvsymbols.cc,C++,138,scale-out,0,,,
src/transport/rma_socket_mem.cc,C++,136,scale-out,0,,,
src/include/mlx5/mlx5dvcore.h,C/C++ Header,133,scale-out,1,,,
src/include/nccl_device/gin/gpi/gin_gpi_device_host_common.h,C/C++ Header,132,scale-out,0,,,
src/include/nccl_device/gin/proxy/gin_proxy_device_host_common.h,C/C++ Header,129,scale-out,0,,,
src/transport/net_ib/gdaki/doca-gpunetio/include/common/doca_gpunetio_verbs_dev.h,C/C++ Header,126,scale-out,1,,,
src/transport/net_ib/gdaki/doca-gpunetio/include/host/mlx5_prm.h,C/C++ Header,123,scale-out,1,,,
src/transport/net_socket/common.cc,C++,123,scale-out,0,,,
src/tuning/collnet.cc,C++,121,scale-out,0,,,
src/tuning/sym_model/gin.cc,C++,118,scale-out,0,,,
src/include/plugin/net/net_v12.h,C/C++ Header,114,scale-out,0,,,
src/include/gin/gin_host_win_stub.h,C/C++ Header,113,scale-out,0,,,
src/transport/net_ib/reg.cc,C++,113,scale-out,0,,,
src/include/plugin/net/net_v11.h,C/C++ Header,111,scale-out,0,,,
src/transport/net_ib/gdaki/doca-gpunetio/include/host/doca_gpunetio_high_level.h,C/C++ Header,103,scale-out,1,,,
src/transport/net_ib/gdaki/doca-gpunetio/include/host/doca_gpunetio.h,C/C++ Header,102,scale-out,1,,,
src/transport/net_nd/nddef.h,C/C++ Header,98,scale-out,1,,,
src/plugin/rma/rma_v13.cc,C++,96,scale-out,0,,,
src/device/symmetric/all_gather_gin.cuh,CUDA,90,scale-out,0,,,
src/include/ibvwrap.h,C/C++ Header,90,scale-out,0,,,
src/transport/net_ib/gdaki/doca-gpunetio/src/doca_verbs_dev.cpp,C++,89,scale-out,1,,,
src/include/plugin/net/net_v10.h,C/C++ Header,84,scale-out,0,,,
src/transport/net_ib/p2p_resiliency.h,C/C++ Header,81,scale-out,0,,,
src/transport/net_ib/gdaki/doca-gpunetio/src/doca_gpunetio_cuda_wrapper.cpp,C++,80,scale-out,1,,,
src/transport/net_ib/gdaki/doca-gpunetio/src/doca_verbs_cq.hpp,C/C++ Header,80,scale-out,1,,,
src/include/plugin/net/net_v9.h,C/C++ Header,78,scale-out,0,,,
src/misc/mlx5dvwrap.cc,C++,78,scale-out,0,,,
src/include/coll_net.h,C/C++ Header,77,scale-out,0,,,
src/transport/net_socket_stub.cc,C++,77,scale-out,0,,,
src/transport/net_ib_stub.cc,C++,76,scale-out,0,,,
src/device/symmetric/gin_scratch.h,C/C++ Header,69,scale-out,0,,,
src/include/nccl_device/gin_barrier.h,C/C++ Header,68,scale-out,0,,,
src/include/plugin/net/net_v8.h,C/C++ Header,68,scale-out,0,,,
src/transport/net_ib/gdaki/doca-gpunetio/src/doca_internal.hpp,C/C++ Header,68,scale-out,1,,,
src/transport/net_nd/ndwrap.h,C/C++ Header,68,scale-out,0,,,
src/misc/mlx5dvsymbols.cc,C++,64,scale-out,0,,,
src/include/gin/gin_host.h,C/C++ Header,61,scale-out,0,,,
src/plugin/rma/rma_v14.cc,C++,61,scale-out,0,,,
src/transport/net_efa_gda/efa-dp-direct/include/common/efa_cuda_dp_types.h,C/C++ Header,61,scale-out,1,,,
src/transport/net_ib/wqe_lat_mon.h,C/C++ Header,60,scale-out,0,,,
src/include/plugin/net/net_v7.h,C/C++ Header,56,scale-out,0,,,
src/include/plugin/net/net_v6.h,C/C++ Header,53,scale-out,0,,,
src/transport/net_ib/gdaki/doca-gpunetio/src/doca_gpunetio_cuda_wrapper.h,C/C++ Header,53,scale-out,1,,,
src/transport/net_ib/gdr.cc,C++,53,scale-out,0,,,
src/transport/net_ib/gdaki/doca-gpunetio/include/host/doca_error.h,C/C++ Header,52,scale-out,1,,,
src/include/nccl_device/gin/efa_gda/gin_efa_gda_dev.h,C/C++ Header,51,scale-out,0,,,
src/transport/net_ib/gdaki/doca-gpunetio/src/doca_verbs_cq_sdk_wrapper.h,C/C++ Header,50,scale-out,1,,,
src/transport/net_ib/gdaki/doca-gpunetio/src/doca_verbs_srq.hpp,C/C++ Header,49,scale-out,1,,,
src/transport/net_efa_gda/efa-dp-direct/include/host/efa_cuda_dp.h,C/C++ Header,48,scale-out,1,,,
src/plugin/gin/gin_v13.cc,C++,47,scale-out,0,,,
src/transport/net_ib/gdaki/doca-gpunetio/src/doca_verbs_device_attr.hpp,C/C++ Header,45,scale-out,1,,,
src/include/ibvsymbols.h,C/C++ Header,44,scale-out,0,,,
src/transport/net_ib/connect.h,C/C++ Header,43,scale-out,0,,,
src/transport/net_ib/gdaki/doca-gpunetio/src/doca_gpunetio_log.cpp,C++,43,scale-out,1,,,
src/gin/proxy_gpucontext/gpucontext.cc,C++,41,scale-out,0,,,
src/include/plugin/gin/gin_v13.h,C/C++ Header,41,scale-out,0,,,
src/include/plugin/nccl_net.h,C/C++ Header,41,scale-out,0,,,
src/device/network/unpack/unpack_defs.h,C/C++ Header,40,scale-out,0,,,
src/plugin/rma/rma_v15.cc,C++,40,scale-out,0,,,
src/include/plugin/gin/gin_v14.h,C/C++ Header,39,scale-out,0,,,
src/include/plugin/rma/rma_v15.h,C/C++ Header,39,scale-out,0,,,
src/include/plugin/rma/rma_v16.h,C/C++ Header,39,scale-out,0,,,
src/transport/net_ib/gdaki/gpucontext/gpucontext.cc,C++,39,scale-out,0,,,
src/include/plugin/rma/rma_v14.h,C/C++ Header,37,scale-out,0,,,
src/include/nccl_device/gin_win_stub.h,C/C++ Header,36,scale-out,0,,,
src/nccl_device/gin_scratch.cc,C++,32,scale-out,0,,,
src/transport/net_ib/gdaki/doca-gpunetio/src/doca_verbs_uar.hpp,C/C++ Header,31,scale-out,1,,,
src/include/net.h,C/C++ Header,30,scale-out,0,,,
src/transport/net_ib/p2p.h,C/C++ Header,30,scale-out,0,,,
src/transport/net_ib/gdaki/doca-gpunetio/src/doca_verbs_umem.hpp,C/C++ Header,29,scale-out,1,,,
src/include/mlx5/mlx5dvwrap.h,C/C++ Header,27,scale-out,0,,,
src/include/nccl_device/gin/gdaki/gin_gdaki_device_host_common.h,C/C++ Header,27,scale-out,0,,,
src/include/nccl_device/net_device.h,C/C++ Header,27,scale-out,0,,,
src/include/nccl_device/impl/gin_barrier__types.h,C/C++ Header,25,scale-out,0,,,
src/transport/net_ib/gdaki/gin_host_gdaki.h,C/C++ Header,25,scale-out,0,,,
src/include/plugin/nccl_gin.h,C/C++ Header,24,scale-out,0,,,
src/transport/net_ib/gin.h,C/C++ Header,23,scale-out,0,,,
src/transport/net_nd/ndstatus.h,C/C++ Header,23,scale-out,0,,,
src/transport/net_ib/gdaki/doca-gpunetio/src/doca_gpunetio_sdk_wrapper.h,C/C++ Header,22,scale-out,1,,,
src/transport/net_ib/gdaki/gpucontext/gpucontext.h,C/C++ Header,22,scale-out,0,,,
src/gin/proxy_gpucontext/gpucontext_v2.h,C/C++ Header,21,scale-out,0,,,
src/plugin/net/net_v12.cc,C++,21,scale-out,0,,,
src/transport/net_ib/p2p_resiliency_recovery.h,C/C++ Header,21,scale-out,0,,,
src/transport/net_ib/gdaki/doca-gpunetio/src/doca_verbs_umem_sdk_wrapper.h,C/C++ Header,20,scale-out,1,,,
src/gin/proxy_gpucontext/gpucontext.h,C/C++ Header,19,scale-out,0,,,
src/include/mlx5/mlx5dvsymbols.h,C/C++ Header,19,scale-out,0,,,
src/include/plugin/profiler/net_ib_v1.h,C/C++ Header,19,scale-out,0,,,
src/transport/net_ib/gdaki/doca-gpunetio/src/doca_gpunetio.hpp,C/C++ Header,19,scale-out,1,,,
src/transport/net_ib/gdaki/gpucontext/gpucontext_v1.h,C/C++ Header,19,scale-out,0,,,
src/include/plugin/nccl_rma.h,C/C++ Header,18,scale-out,0,,,
src/transport/net_ib/gdaki/doca-gpunetio/src/doca_verbs_dev.hpp,C/C++ Header,18,scale-out,1,,,
src/gin/proxy_gpucontext/gpucontext_v1.h,C/C++ Header,17,scale-out,0,,,
src/include/plugin/profiler/net_socket_v1.h,C/C++ Header,17,scale-out,0,,,
src/transport/net_ib/gdaki/doca-gpunetio/src/doca_verbs_uar_sdk_wrapper.h,C/C++ Header,17,scale-out,1,,,
src/gin/proxy_gpucontext/gpucontext_v2.cc,C++,16,scale-out,0,,,
src/include/nccl_device/gin/gin_device_api.h,C/C++ Header,16,scale-out,0,,,
src/transport/net_ib/gdaki/doca-gpunetio/src/doca_gpunetio_gdrcopy.h,C/C++ Header,16,scale-out,1,,,
src/transport/net_socket/common.h,C/C++ Header,16,scale-out,0,,,
src/transport/net_ib/gdaki/doca-gpunetio/src/doca_verbs_dev_sdk_wrapper.h,C/C++ Header,15,scale-out,1,,,
src/include/gin/gin_host_proxy.h,C/C++ Header,14,scale-out,0,,,
src/include/nccl_device/gin/gin_device_host_common.h,C/C++ Header,13,scale-out,0,,,
src/transport/net_efa_gda/efa-dp-direct/include/device/efa_cuda_dp_defs.cuh,CUDA,13,scale-out,1,,,
src/transport/net_ib/gdaki/doca-gpunetio/src/doca_verbs_net_wrapper.h,C/C++ Header,13,scale-out,1,,,
src/transport/net_ib/gdaki/gpucontext/gpucontext_v1.cc,C++,13,scale-out,0,,,
src/gin/proxy_gpucontext/gpucontext_v1.cc,C++,12,scale-out,0,,,
src/nccl_device/gin_barrier.cc,C++,12,scale-out,0,,,
src/plugin/gin/gin_v14.cc,C++,12,scale-out,0,,,
src/plugin/rma/rma_v16.cc,C++,12,scale-out,0,,,
src/transport/net_ib/gdaki/doca-gpunetio/include/doca_gpunetio_host.h,C/C++ Header,12,scale-out,1,,,
src/transport/net_ib/gdaki/doca-gpunetio/src/doca_sdk_wrapper.h,C/C++ Header,11,scale-out,1,,,
src/transport/net_ib/gdaki/doca-gpunetio/include/doca_gpunetio_device.h,C/C++ Header,10,scale-out,1,,,
src/transport/net_ib/gdaki/doca-gpunetio/src/doca_gpunetio_log.hpp,C/C++ Header,10,scale-out,1,,,
src/include/gin.h,C/C++ Header,8,scale-out,0,,,
src/include/plugin/rma/rma_v13.h,C/C++ Header,7,scale-out,0,,,
src/diagnostics/ib_write_bw.h,C/C++ Header,6,scale-out,0,,,
src/include/nccl_device/impl/gin__types.h,C/C++ Header,6,scale-out,0,,,
src/transport/net_efa_gda/efa-dp-direct/include/common/efa_cuda_dp_version.h,C/C++ Header,6,scale-out,1,,,
src/transport/net_ib/gdaki/doca-gpunetio/include/doca_gpunetio_config.h,C/C++ Header,6,scale-out,1,,,
src/include/plugin/profiler/net_ib.h,C/C++ Header,5,scale-out,0,,,
src/include/plugin/profiler/net_socket.h,C/C++ Header,5,scale-out,0,,,
src/ce_coll.cc,C++,1868,scale-up,0,,,
src/transport/p2p.cc,C++,1281,scale-up,0,,,
src/diagnostics/p2p.cc,C++,848,scale-up,0,,,
src/include/nccl_device/impl/cft__funcs.h,C/C++ Header,794,scale-up,0,,,
src/transport/nvls.cc,C++,692,scale-up,0,,,
src/include/nccl_device/impl/reduce_copy__funcs.h,C/C++ Header,628,scale-up,0,,,
src/include/nccl_device/impl/multimem__funcs.h,C/C++ Header,605,scale-up,0,,,
src/device/symmetric/data_ops.cuh,CUDA,532,scale-up,0,,,
src/device/symmetric/all_reduce.cuh,CUDA,524,scale-up,0,,,
src/device/symmetric/reduce_scatter.cuh,CUDA,491,scale-up,0,,,
src/rma/rma_ce.cc,C++,401,scale-up,0,,,
src/device/symmetric/all_gather.cuh,CUDA,389,scale-up,0,,,
src/device/symmetric/primitives.cuh,CUDA,378,scale-up,0,,,
src/transport/shm.cc,C++,376,scale-up,0,,,
src/transport/nvls_ub.cc,C++,374,scale-up,0,,,
src/scheduler/symmetric_sched.cc,C++,351,scale-up,0,,,
src/sym_kernels.cc,C++,340,scale-up,0,,,
src/cft_dev_runtime.cc,C++,321,scale-up,0,,,
src/include/nccl_device/impl/reduce_copy__impl.h,C/C++ Header,316,scale-up,0,,,
src/device/symmetric/generate.py,Python,301,scale-up,0,,,
src/include/nccl_device/impl/ll_a2a__funcs.h,C/C++ Header,253,scale-up,0,,,
src/transport/multicast.cc,C++,229,scale-up,0,,,
src/os/windows_ipcsocket.cc,C++,197,scale-up,0,,,
src/os/linux_ipcsocket.cc,C++,192,scale-up,0,,,
src/include/sym_kernels.h,C/C++ Header,171,scale-up,0,,,
src/include/nccl_device/impl/lsa_barrier__funcs.h,C/C++ Header,160,scale-up,0,,,
src/include/nccl_device/impl/cft_barrier__funcs.h,C/C++ Header,149,scale-up,0,,,
src/tuning/sym_model/lsa_a2a.cc,C++,147,scale-up,0,,,
src/tuning/nvls.cc,C++,145,scale-up,0,,,
src/transport/mc_arena.cc,C++,130,scale-up,0,,,
src/tuning/sym_model/lsa_base.cc,C++,97,scale-up,0,,,
src/include/nccl_device/reduce_copy.h,C/C++ Header,95,scale-up,0,,,
src/tuning/ce_model.cc,C++,84,scale-up,0,,,
src/device/symmetric/kernel.cuh,CUDA,80,scale-up,0,,,
src/include/ce_coll.h,C/C++ Header,78,scale-up,0,,,
src/tuning/sym_model/lsa.cc,C++,78,scale-up,0,,,
src/include/nccl_device/impl/reduce_copy__types.h,C/C++ Header,71,scale-up,0,,,
src/include/nccl_device/cft.h,C/C++ Header,70,scale-up,0,,,
src/mnnvl.cc,C++,66,scale-up,0,,,
src/diagnostics/device/p2p.cu,CUDA,58,scale-up,0,,,
src/include/nccl_device/impl/cft_barrier__types.h,C/C++ Header,55,scale-up,0,,,
src/include/p2p.h,C/C++ Header,49,scale-up,0,,,
src/diagnostics/p2p.h,C/C++ Header,42,scale-up,0,,,
src/include/multicast.h,C/C++ Header,39,scale-up,0,,,
src/include/rma/rma_ce.h,C/C++ Header,39,scale-up,0,,,
src/include/nccl_device/impl/lsa_barrier__types.h,C/C++ Header,37,scale-up,0,,,
src/include/mc_arena.h,C/C++ Header,34,scale-up,0,,,
src/tuning/sym_model/lsa_a2a.h,C/C++ Header,31,scale-up,0,,,
src/include/ipcsocket.h,C/C++ Header,30,scale-up,0,,,
src/include/shm.h,C/C++ Header,30,scale-up,0,,,
src/include/nccl_device/impl/cft__types.h,C/C++ Header,29,scale-up,0,,,
src/include/nccl_device/ll_a2a.h,C/C++ Header,28,scale-up,0,,,
src/include/nccl_device/impl/ll_a2a__types.h,C/C++ Header,27,scale-up,0,,,
src/include/nccl_device/lsa_barrier.h,C/C++ Header,23,scale-up,0,,,
src/include/nccl_device/cft_barrier.h,C/C++ Header,21,scale-up,0,,,
src/include/nvls_ub.h,C/C++ Header,21,scale-up,0,,,
src/nccl_device/ll_a2a.cc,C++,18,scale-up,0,,,
src/nccl_device/lsa_barrier.cc,C++,14,scale-up,0,,,
src/nccl_device/cft_barrier.cc,C++,13,scale-up,0,,,
src/enqueue/task_sched/ce_sched.cc,C++,10,scale-up,0,,,
src/include/mnnvl.h,C/C++ Header,6,scale-up,0,,,
