path,region,start_line,end_line,category,code_lines_raw
src/init.cc,initGdrCopy,65,70,scale-out,6
src/init.cc,collNetTrySetup,544,746,scale-out,165
src/proxy.cc,NeedProxy,21,33,scale-out,9
src/proxy.cc,allocateArgs,187,211,scale-out,19
src/proxy.cc,getOpIndex,223,238,scale-out,16
src/proxy.cc,printProxyOp,240,266,scale-out,27
src/proxy.cc,dumpProxyState,267,343,scale-out,75
src/proxy.cc,ncclProxyOpToArgs,345,388,scale-out,41
src/proxy.cc,ProxyAppend,390,425,scale-out,32
src/proxy.cc,ncclProxyPost,427,438,scale-out,12
src/proxy.cc,ncclLocalOpAppend,440,500,scale-out,56
src/proxy.cc,SaveProxy,502,519,scale-out,16
src/proxy.cc,ncclProxySaveOp,523,584,scale-out,62
src/proxy.cc,ncclProxyComputeP2p,588,639,scale-out,43
src/proxy.cc,removeOp,641,671,scale-out,30
src/proxy.cc,progressOps,673,692,scale-out,20
src/proxy.cc,ncclProxyGetPostedOps,696,783,scale-out,75
src/proxy.cc,ncclDumpProxyState,787,789,scale-out,3
src/proxy.cc,setProxyThreadContext,792,822,scale-out,30
src/proxy.cc,ncclProxyProgress,828,880,scale-out,45
src/proxy.cc,ncclProxyStart,882,896,scale-out,15
src/proxy.cc,ncclProxyProgressCreate,898,905,scale-out,8
src/proxy.cc,ncclProxyProgressDestroy,907,929,scale-out,18
src/proxy.cc,ncclProxyClientConvertFdBlocking,1067,1094,scale-up,20
src/proxy.cc,proxyProgressInit,1206,1240,scale-out,27
src/proxy.cc,proxyOpsFree,1242,1247,scale-out,6
src/proxy.cc,ncclProxyShmUnlink,1249,1257,scale-out,8
src/proxy.cc,proxyConvertFd,1287,1297,scale-up,9
src/graph/search.cc,getNetIndex,208,217,scale-out,10
src/graph/search.cc,getNetPaths,219,225,scale-out,7
src/graph/search.cc,ncclTopoSearchTryNvls,306,337,scale-up,32
src/graph/search.cc,ncclTopoSelectNets,373,424,scale-out,44
src/graph/search.cc,ncclTopoSearchRecNet,522,607,scale-out,74
src/graph/search.cc,getNvlsNetDev,1040,1050,scale-out,11
src/graph/search.cc,ncclTopoGetNetDev,1055,1120,scale-out,58
src/graph/topo.cc,ncclTopoAddNet,323,349,scale-out,24
src/graph/topo.cc,ncclTopoAddNic,351,361,scale-out,11
src/graph/topo.cc,ncclTopoAddNvLinks,492,541,scale-up,48
src/graph/topo.cc,ncclTopoGetLocalNet,701,717,scale-out,17
src/graph/topo.cc,ncclTopoGetNetCount,817,820,scale-out,4
src/graph/topo.cc,ncclTopoGetNvsCount,822,825,scale-up,4
src/graph/paths.cc,ncclTopoCheckP2p,251,341,scale-up,70
src/graph/paths.cc,ncclTopoCheckGdr,346,400,scale-out,44
src/graph/paths.cc,ncclTopoNeedFlush,406,413,scale-out,7
src/graph/paths.cc,ncclTopoCheckNet,418,447,scale-out,25
src/graph/paths.cc,ncclTopoGetIntermediateRank,449,472,scale-out,23
src/graph/paths.cc,ncclPxnDisable,478,489,scale-out,12
src/graph/paths.cc,ncclTopoGetPxnRanks,491,518,scale-out,27
src/graph/paths.cc,ncclTopoGetNvbGpus,738,753,scale-up,16
src/graph/paths.cc,ncclTopoPathAllNVLink,755,765,scale-up,11
src/graph/connect.cc,connectCollNet,169,226,scale-out,54
src/graph/connect.cc,connectNvls,228,308,scale-up,70
src/transport.cc,ncclTransportCollNetSetup,211,291,scale-out,68
src/transport.cc,ncclTransportCollNetCheck,293,309,scale-out,16
src/transport.cc,ncclTransportCollNetFree,311,332,scale-out,21
src/include/proxy.h,ncclProxyOp,26,48,scale-out,20
src/include/proxy.h,ncclProxySubArgs,51,68,scale-out,17
src/include/proxy.h,ncclProxyArgs,70,93,scale-out,21
src/include/proxy.h,ncclProxyOpsPool,101,108,scale-out,8
src/include/proxy.h,ncclProxyOps,110,117,scale-out,8
src/include/proxy.h,ncclProxySharedP2p,119,127,scale-out,8
src/include/proxy.h,ncclProxyPeer,129,132,scale-out,4
src/include/proxy.h,ncclSharedNetComms,134,139,scale-out,6
src/include/proxy.h,ncclProxyProgressState,142,156,scale-out,13
