2026/10/06 18:57:47.796, 1410 MHz, 72.87 W, 0x0000000000000001
2026/10/06 18:57:48.801, 1410 MHz, 88.02 W, 0x0000000000000001
2026/10/06 18:57:49.801, 1410 MHz, 89.16 W, 0x0000000000000001
2026/10/06 18:57:50.802, 1410 MHz, 89.38 W, 0x0000000000000001
2026/10/06 18:57:51.802, 1410 MHz, 89.24 W, 0x0000000000000001
2026/10/06 18:57:52.802, 1410 MHz, 89.36 W, 0x0000000000000001
2026/10/06 18:57:53.803, 1410 MHz, 89.40 W, 0x0000000000000001
2026/10/06 18:57:54.803, 1410 MHz, 89.46 W, 0x0000000000000001
2026/10/06 18:57:55.803, 1410 MHz, 89.45 W, 0x0000000000000001
2026/10/06 18:57:56.803, 1410 MHz, 89.45 W, 0x0000000000000001
2026/10/06 18:57:57.804, 1410 MHz, 89.42 W, 0x0000000000000001
2026/10/06 18:57:58.804, 1410 MHz, 89.47 W, 0x0000000000000001
2026/10/06 18:57:59.804, 1410 MHz, 89.47 W, 0x0000000000000001
2026/10/06 18:58:00.805, 1410 MHz, 89.43 W, 0x0000000000000001
2026/10/06 18:58:01.805, 1410 MHz, 89.47 W, 0x0000000000000001
2026/10/06 18:58:02.805, 1410 MHz, 89.45 W, 0x0000000000000001
2026/10/06 18:58:03.805, 1410 MHz, 89.49 W, 0x0000000000000001
2026/10/06 18:58:04.805, 1410 MHz, 89.49 W, 0x0000000000000001
2026/10/06 18:58:05.806, 1410 MHz, 89.50 W, 0x0000000000000001
2026/10/06 18:58:06.806, 1410 MHz, 89.50 W, 0x0000000000000001
2026/10/06 18:58:07.806, 1410 MHz, 89.54 W, 0x0000000000000001
2026/10/06 18:58:08.806, 1410 MHz, 89.45 W, 0x0000000000000001
2026/10/06 18:58:09.807, 1410 MHz, 89.50 W, 0x0000000000000001
2026/10/06 18:58:10.807, 1410 MHz, 89.51 W, 0x0000000000000001
2026/10/06 18:58:11.807, 1410 MHz, 89.51 W, 0x0000000000000001
2026/10/06 18:58:12.807, 1410 MHz, 89.51 W, 0x0000000000000001
2026/10/06 18:58:13.807, 1410 MHz, 89.47 W, 0x0000000000000001
2026/10/06 18:58:14.808, 1410 MHz, 89.52 W, 0x0000000000000001
2026/10/06 18:58:15.808, 1410 MHz, 89.55 W, 0x0000000000000001
2026/10/06 18:58:16.808, 1410 MHz, 89.51 W, 0x0000000000000001
2026/10/06 18:58:17.808, 1410 MHz, 89.54 W, 0x0000000000000001
2026/10/06 18:58:18.809, 1410 MHz, 89.52 W, 0x0000000000000001
2026/10/06 18:58:19.809, 1410 MHz, 89.54 W, 0x0000000000000001
2026/10/06 18:58:20.809, 1410 MHz, 89.55 W, 0x0000000000000001
2026/10/06 18:58:21.809, 1410 MHz, 89.58 W, 0x0000000000000001
2026/10/06 18:58:22.809, 1410 MHz, 89.57 W, 0x0000000000000001
2026/10/06 18:58:23.810, 1410 MHz, 89.57 W, 0x0000000000000001
2026/10/06 18:58:24.810, 1410 MHz, 89.61 W, 0x0000000000000001
2026/10/06 18:58:25.810, 1410 MHz, 89.65 W, 0x0000000000000001
2026/10/06 18:58:26.810, 1410 MHz, 89.65 W, 0x0000000000000001
2026/10/06 18:58:27.810, 1410 MHz, 89.71 W, 0x0000000000000001
2026/10/06 18:58:28.811, 1410 MHz, 89.73 W, 0x0000000000000001
2026/10/06 18:58:29.811, 1410 MHz, 89.75 W, 0x0000000000000001
2026/10/06 18:58:30.811, 1410 MHz, 89.78 W, 0x0000000000000001
2026/10/06 18:58:31.811, 1410 MHz, 89.71 W, 0x0000000000000001
2026/10/06 18:58:32.811, 1410 MHz, 89.86 W, 0x0000000000000001
2026/10/06 18:58:33.812, 1410 MHz, 89.83 W, 0x0000000000000001
2026/10/06 18:58:34.812, 1410 MHz, 89.89 W, 0x0000000000000001
2026/10/06 18:58:35.812, 1410 MHz, 89.90 W, 0x0000000000000001
2026/10/06 18:58:36.812, 1410 MHz, 89.90 W, 0x0000000000000001
2026/10/06 18:58:37.813, 1410 MHz, 89.85 W, 0x0000000000000001
2026/10/06 18:58:38.813, 1410 MHz, 89.93 W, 0x0000000000000001
2026/10/06 18:58:39.813, 1410 MHz, 89.88 W, 0x0000000000000001
2026/10/06 18:58:40.813, 1410 MHz, 89.89 W, 0x0000000000000001
2026/10/06 18:58:41.813, 1410 MHz, 89.94 W, 0x0000000000000001
2026/10/06 18:58:42.814, 1410 MHz, 89.97 W, 0x0000000000000001
2026/10/06 18:58:43.814, 1410 MHz, 89.95 W, 0x0000000000000001
2026/10/06 18:58:44.814, 1410 MHz, 89.95 W, 0x0000000000000001
2026/10/06 18:58:45.814, 1410 MHz, 89.97 W, 0x0000000000000001
2026/10/06 18:58:46.814, 1410 MHz, 89.92 W, 0x0000000000000001
2026/10/06 18:58:47.815, 1410 MHz, 89.94 W, 0x0000000000000001
2026/10/06 18:58:48.815, 1410 MHz, 89.95 W, 0x0000000000000001
2026/10/06 18:58:49.815, 1410 MHz, 89.92 W, 0x0000000000000001
2026/10/06 18:58:50.815, 1410 MHz, 89.99 W, 0x0000000000000001
2026/10/06 18:58:51.815, 1410 MHz, 89.98 W, 0x0000000000000001
2026/10/06 18:58:52.816, 1410 MHz, 89.94 W, 0x0000000000000001
2026/10/06 18:58:53.816, 1410 MHz, 90.00 W, 0x0000000000000001
2026/10/06 18:58:54.816, 1410 MHz, 89.95 W, 0x0000000000000001
2026/10/06 18:58:55.816, 1410 MHz, 89.97 W, 0x0000000000000001
2026/10/06 18:58:56.817, 1410 MHz, 89.96 W, 0x0000000000000001
2026/10/06 18:58:57.817, 1410 MHz, 89.98 W, 0x0000000000000001
2026/10/06 18:58:58.817, 1410 MHz, 89.99 W, 0x0000000000000001
2026/10/06 18:58:59.817, 1410 MHz, 89.99 W, 0x0000000000000001
2026/10/06 18:59:00.817, 1410 MHz, 89.99 W, 0x0000000000000001
2026/10/06 18:59:01.818, 1410 MHz, 90.00 W, 0x0000000000000001
2026/10/06 18:59:02.818, 1410 MHz, 89.96 W, 0x0000000000000001
2026/10/06 18:59:03.818, 1410 MHz, 90.00 W, 0x0000000000000001
2026/10/06 18:59:04.818, 1410 MHz, 90.00 W, 0x0000000000000001
2026/10/06 18:59:05.818, 1410 MHz, 90.00 W, 0x0000000000000001
2026/10/06 18:59:06.819, 1410 MHz, 89.93 W, 0x0000000000000001
2026/10/06 18:59:07.819, 1410 MHz, 90.02 W, 0x0000000000000001
2026/10/06 18:59:08.819, 1410 MHz, 89.96 W, 0x0000000000000001
2026/10/06 18:59:09.819, 1410 MHz, 90.00 W, 0x0000000000000001
2026/10/06 18:59:10.820, 1410 MHz, 90.01 W, 0x0000000000000001
2026/10/06 18:59:11.820, 1410 MHz, 90.01 W, 0x0000000000000001
2026/10/06 18:59:12.820, 1410 MHz, 89.97 W, 0x0000000000000001
2026/10/06 18:59:13.820, 1410 MHz, 90.03 W, 0x0000000000000001
2026/10/06 18:59:14.821, 1410 MHz, 89.97 W, 0x0000000000000001
2026/10/06 18:59:15.821, 1410 MHz, 90.02 W, 0x0000000000000001
2026/10/06 18:59:16.821, 1410 MHz, 90.04 W, 0x0000000000000001
2026/10/06 18:59:17.821, 1410 MHz, 90.00 W, 0x0000000000000001
2026/10/06 18:59:18.821, 1410 MHz, 90.05 W, 0x0000000000000001
2026/10/06 18:59:19.822, 1410 MHz, 90.06 W, 0x0000000000000001
2026/10/06 18:59:20.822, 1410 MHz, 90.06 W, 0x0000000000000001
2026/10/06 18:59:21.822, 1410 MHz, 90.06 W, 0x0000000000000001
2026/10/06 18:59:22.822, 1410 MHz, 90.06 W, 0x0000000000000001
2026/10/06 18:59:23.823, 1410 MHz, 90.13 W, 0x0000000000000001
2026/10/06 18:59:24.823, 1410 MHz, 90.08 W, 0x0000000000000001
2026/10/06 18:59:25.823, 1410 MHz, 90.14 W, 0x0000000000000001
2026/10/06 18:59:26.823, 1410 MHz, 90.15 W, 0x0000000000000001
2026/10/06 18:59:27.824, 1410 MHz, 90.14 W, 0x0000000000000001
2026/10/06 18:59:28.824, 1410 MHz, 90.12 W, 0x0000000000000001
2026/10/06 18:59:29.824, 1410 MHz, 90.19 W, 0x0000000000000001
2026/10/06 18:59:30.824, 1410 MHz, 90.17 W, 0x0000000000000001
2026/10/06 18:59:31.825, 1410 MHz, 90.17 W, 0x0000000000000001
2026/10/06 18:59:32.825, 1410 MHz, 90.30 W, 0x0000000000000001
2026/10/06 18:59:33.825, 1410 MHz, 90.24 W, 0x0000000000000001
2026/10/06 18:59:34.825, 1410 MHz, 90.35 W, 0x0000000000000001
2026/10/06 18:59:35.825, 1410 MHz, 90.28 W, 0x0000000000000001
2026/10/06 18:59:36.826, 1410 MHz, 90.34 W, 0x0000000000000001
2026/10/06 18:59:37.826, 1410 MHz, 90.38 W, 0x0000000000000001
2026/10/06 18:59:38.826, 1410 MHz, 90.35 W, 0x0000000000000001
2026/10/06 18:59:39.826, 1410 MHz, 90.40 W, 0x0000000000000001
2026/10/06 18:59:40.826, 1410 MHz, 90.37 W, 0x0000000000000001
2026/10/06 18:59:41.827, 1410 MHz, 90.37 W, 0x0000000000000001
2026/10/06 18:59:42.827, 1410 MHz, 90.40 W, 0x0000000000000001
2026/10/06 18:59:43.827, 1410 MHz, 90.30 W, 0x0000000000000001
2026/10/06 18:59:44.828, 1410 MHz, 90.36 W, 0x0000000000000001
2026/10/06 18:59:45.828, 1410 MHz, 90.38 W, 0x0000000000000001
2026/10/06 18:59:46.828, 1410 MHz, 90.43 W, 0x0000000000000001
2026/10/06 18:59:47.828, 1410 MHz, 90.39 W, 0x0000000000000001
2026/10/06 18:59:48.829, 1410 MHz, 90.45 W, 0x0000000000000001
2026/10/06 18:59:49.829, 1410 MHz, 90.39 W, 0x0000000000000001
2026/10/06 18:59:50.829, 1410 MHz, 90.43 W, 0x0000000000000001
2026/10/06 18:59:51.829, 1410 MHz, 89.23 W, 0x0000000000000000
2026/10/06 18:59:52.830, 1410 MHz, 88.67 W, 0x0000000000000000
2026/10/06 18:59:53.830, 1410 MHz, 89.98 W, 0x0000000000000000
2026/10/06 18:59:54.830, 1410 MHz, 88.54 W, 0x0000000000000000
2026/10/06 18:59:55.831, 1410 MHz, 88.49 W, 0x0000000000000000
2026/10/06 18:59:56.831, 1410 MHz, 88.52 W, 0x0000000000000000
2026/10/06 18:59:57.831, 1410 MHz, 88.48 W, 0x0000000000000000
2026/10/06 18:59:58.831, 1410 MHz, 89.73 W, 0x0000000000000000
2026/10/06 18:59:59.831, 1410 MHz, 88.59 W, 0x0000000000000000
2026/10/06 19:00:00.832, 1410 MHz, 88.54 W, 0x0000000000000000
2026/10/06 19:00:01.832, 1410 MHz, 88.54 W, 0x0000000000000000
2026/10/06 19:00:02.832, 1410 MHz, 88.56 W, 0x0000000000000000
2026/10/06 19:00:03.832, 1410 MHz, 88.51 W, 0x0000000000000000
2026/10/06 19:00:04.833, 1410 MHz, 88.54 W, 0x0000000000000000
2026/10/06 19:00:05.833, 1410 MHz, 89.11 W, 0x0000000000000000
2026/10/06 19:00:06.833, 1410 MHz, 88.55 W, 0x0000000000000000
2026/10/06 19:00:07.833, 1410 MHz, 88.53 W, 0x0000000000000000
2026/10/06 19:00:08.834, 1410 MHz, 88.53 W, 0x0000000000000000
2026/10/06 19:00:09.834, 1410 MHz, 88.81 W, 0x0000000000000000
2026/10/06 19:00:10.834, 1410 MHz, 88.53 W, 0x0000000000000000
2026/10/06 19:00:11.834, 1410 MHz, 88.53 W, 0x0000000000000000
2026/10/06 19:00:12.834, 1410 MHz, 88.59 W, 0x0000000000000000
2026/10/06 19:00:13.835, 1170 MHz, 437.78 W, 0x0000000000000004
2026/10/06 19:00:14.835, 1140 MHz, 598.36 W, 0x0000000000000004
2026/10/06 19:00:15.835, 1140 MHz, 598.29 W, 0x0000000000000004
2026/10/06 19:00:16.835, 1065 MHz, 594.75 W, 0x0000000000000004
2026/10/06 19:00:17.835, 1170 MHz, 595.90 W, 0x0000000000000004
2026/10/06 19:00:18.836, 1140 MHz, 597.56 W, 0x0000000000000004
2026/10/06 19:00:19.836, 1170 MHz, 598.37 W, 0x0000000000000004
2026/10/06 19:00:20.836, 1140 MHz, 596.81 W, 0x0000000000000004
2026/10/06 19:00:21.836, 1410 MHz, 455.07 W, 0x0000000000000000
2026/10/06 19:00:22.836, 1410 MHz, 97.57 W, 0x0000000000000000
2026/10/06 19:00:23.837, 1410 MHz, 96.87 W, 0x0000000000000000
2026/10/06 19:00:24.837, 1410 MHz, 96.23 W, 0x0000000000000001
2026/10/06 19:00:25.837, 1410 MHz, 95.41 W, 0x0000000000000001
2026/10/06 19:00:26.837, 1410 MHz, 95.11 W, 0x0000000000000001
2026/10/06 19:00:27.838, 1410 MHz, 94.57 W, 0x0000000000000001
2026/10/06 19:00:28.838, 1410 MHz, 94.39 W, 0x0000000000000001
2026/10/06 19:00:29.838, 1410 MHz, 94.19 W, 0x0000000000000001
2026/10/06 19:00:30.839, 1410 MHz, 93.88 W, 0x0000000000000001
2026/10/06 19:00:31.839, 1410 MHz, 93.81 W, 0x0000000000000001
2026/10/06 19:00:32.839, 1410 MHz, 93.78 W, 0x0000000000000001
2026/10/06 19:00:33.839, 1410 MHz, 93.81 W, 0x0000000000000001
2026/10/06 19:00:34.840, 1410 MHz, 93.56 W, 0x0000000000000001
2026/10/06 19:00:35.840, 1410 MHz, 93.49 W, 0x0000000000000001
2026/10/06 19:00:36.840, 1410 MHz, 93.49 W, 0x0000000000000001
2026/10/06 19:00:37.840, 1410 MHz, 93.42 W, 0x0000000000000001
2026/10/06 19:00:38.840, 1410 MHz, 93.44 W, 0x0000000000000001
2026/10/06 19:00:39.841, 1410 MHz, 93.45 W, 0x0000000000000001
2026/10/06 19:00:40.841, 1410 MHz, 93.41 W, 0x0000000000000001
2026/10/06 19:00:41.841, 1410 MHz, 93.16 W, 0x0000000000000001
2026/10/06 19:00:42.841, 1410 MHz, 93.13 W, 0x0000000000000001
2026/10/06 19:00:43.842, 1410 MHz, 93.02 W, 0x0000000000000001
2026/10/06 19:00:44.842, 1410 MHz, 93.00 W, 0x0000000000000001
2026/10/06 19:00:45.842, 1410 MHz, 93.00 W, 0x0000000000000001
2026/10/06 19:00:46.842, 1410 MHz, 93.00 W, 0x0000000000000001
2026/10/06 19:00:47.843, 1410 MHz, 92.94 W, 0x0000000000000001
2026/10/06 19:00:48.843, 1410 MHz, 92.93 W, 0x0000000000000001
2026/10/06 19:00:49.843, 1410 MHz, 93.01 W, 0x0000000000000001
2026/10/06 19:00:50.843, 1410 MHz, 92.89 W, 0x0000000000000001
2026/10/06 19:00:51.844, 1410 MHz, 92.85 W, 0x0000000000000001
2026/10/06 19:00:52.844, 1410 MHz, 92.70 W, 0x0000000000000001
2026/10/06 19:00:53.844, 1410 MHz, 92.60 W, 0x0000000000000001
2026/10/06 19:00:54.844, 1410 MHz, 92.50 W, 0x0000000000000001
2026/10/06 19:00:55.844, 1410 MHz, 92.50 W, 0x0000000000000001
2026/10/06 19:00:56.845, 1410 MHz, 92.46 W, 0x0000000000000001
2026/10/06 19:00:57.845, 1410 MHz, 92.48 W, 0x0000000000000001
2026/10/06 19:00:58.845, 1410 MHz, 92.51 W, 0x0000000000000001
2026/10/06 19:00:59.845, 1410 MHz, 92.40 W, 0x0000000000000001
2026/10/06 19:01:00.846, 1410 MHz, 92.49 W, 0x0000000000000001
2026/10/06 19:01:01.846, 1410 MHz, 92.49 W, 0x0000000000000001
2026/10/06 19:01:02.846, 1410 MHz, 92.49 W, 0x0000000000000001
2026/10/06 19:01:03.846, 1410 MHz, 92.44 W, 0x0000000000000001
2026/10/06 19:01:04.847, 1410 MHz, 92.38 W, 0x0000000000000001
2026/10/06 19:01:05.847, 1410 MHz, 92.32 W, 0x0000000000000001
2026/10/06 19:01:06.847, 1410 MHz, 92.20 W, 0x0000000000000001
2026/10/06 19:01:07.848, 1410 MHz, 92.11 W, 0x0000000000000001
2026/10/06 19:01:08.848, 1410 MHz, 92.06 W, 0x0000000000000001
2026/10/06 19:01:09.848, 1410 MHz, 92.04 W, 0x0000000000000001
2026/10/06 19:01:10.848, 1410 MHz, 91.97 W, 0x0000000000000001
2026/10/06 19:01:11.848, 1410 MHz, 92.03 W, 0x0000000000000001
2026/10/06 19:01:12.849, 1410 MHz, 91.94 W, 0x0000000000000001
2026/10/06 19:01:13.849, 1410 MHz, 92.01 W, 0x0000000000000001
2026/10/06 19:01:14.849, 1410 MHz, 92.00 W, 0x0000000000000001
2026/10/06 19:01:15.849, 1410 MHz, 91.98 W, 0x0000000000000001
2026/10/06 19:01:16.850, 1410 MHz, 91.87 W, 0x0000000000000001
2026/10/06 19:01:17.850, 1410 MHz, 91.97 W, 0x0000000000000001
2026/10/06 19:01:18.850, 1410 MHz, 91.91 W, 0x0000000000000001
2026/10/06 19:01:19.850, 1410 MHz, 91.90 W, 0x0000000000000001
2026/10/06 19:01:20.851, 1410 MHz, 91.91 W, 0x0000000000000001
2026/10/06 19:01:21.851, 1410 MHz, 91.82 W, 0x0000000000000001
2026/10/06 19:01:22.851, 1410 MHz, 91.91 W, 0x0000000000000001
2026/10/06 19:01:23.851, 1410 MHz, 91.79 W, 0x0000000000000001
2026/10/06 19:01:24.852, 1410 MHz, 91.70 W, 0x0000000000000001
2026/10/06 19:01:25.852, 1410 MHz, 91.59 W, 0x0000000000000001
2026/10/06 19:01:26.852, 1410 MHz, 91.59 W, 0x0000000000000001
2026/10/06 19:01:27.852, 1410 MHz, 91.54 W, 0x0000000000000001
2026/10/06 19:01:28.852, 1410 MHz, 91.54 W, 0x0000000000000001
2026/10/06 19:01:29.853, 1410 MHz, 91.49 W, 0x0000000000000001
2026/10/06 19:01:30.853, 1410 MHz, 91.49 W, 0x0000000000000001
2026/10/06 19:01:31.853, 1410 MHz, 91.48 W, 0x0000000000000001
2026/10/06 19:01:32.853, 1410 MHz, 91.43 W, 0x0000000000000001
2026/10/06 19:01:33.853, 1410 MHz, 91.50 W, 0x0000000000000001
2026/10/06 19:01:34.854, 1410 MHz, 91.49 W, 0x0000000000000001
2026/10/06 19:01:35.854, 1410 MHz, 91.49 W, 0x0000000000000001
2026/10/06 19:01:36.854, 1410 MHz, 91.47 W, 0x0000000000000001
2026/10/06 19:01:37.854, 1410 MHz, 91.43 W, 0x0000000000000001
2026/10/06 19:01:38.854, 1410 MHz, 91.43 W, 0x0000000000000001
2026/10/06 19:01:39.855, 1410 MHz, 91.43 W, 0x0000000000000001
2026/10/06 19:01:40.855, 1410 MHz, 91.50 W, 0x0000000000000001
2026/10/06 19:01:41.855, 1410 MHz, 91.39 W, 0x0000000000000001
2026/10/06 19:01:42.856, 1410 MHz, 91.45 W, 0x0000000000000001
2026/10/06 19:01:43.856, 1410 MHz, 91.39 W, 0x0000000000000001
2026/10/06 19:01:44.856, 1410 MHz, 91.39 W, 0x0000000000000001
2026/10/06 19:01:45.856, 1410 MHz, 91.34 W, 0x0000000000000001
2026/10/06 19:01:46.856, 1410 MHz, 91.35 W, 0x0000000000000001
2026/10/06 19:01:47.857, 1410 MHz, 91.34 W, 0x0000000000000001
2026/10/06 19:01:48.857, 1410 MHz, 91.30 W, 0x0000000000000001
2026/10/06 19:01:49.857, 1410 MHz, 91.24 W, 0x0000000000000001
2026/10/06 19:01:50.857, 1410 MHz, 91.24 W, 0x0000000000000001
2026/10/06 19:01:51.858, 1410 MHz, 91.14 W, 0x0000000000000001
2026/10/06 19:01:52.858, 1410 MHz, 91.10 W, 0x0000000000000001
2026/10/06 19:01:53.858, 1410 MHz, 91.12 W, 0x0000000000000001
2026/10/06 19:01:54.858, 1410 MHz, 91.08 W, 0x0000000000000001
2026/10/06 19:01:55.858, 1410 MHz, 91.02 W, 0x0000000000000001
2026/10/06 19:01:56.859, 1410 MHz, 91.02 W, 0x0000000000000001
2026/10/06 19:01:57.859, 1410 MHz, 91.00 W, 0x0000000000000001
2026/10/06 19:01:58.859, 1410 MHz, 90.99 W, 0x0000000000000001
2026/10/06 19:01:59.859, 1410 MHz, 91.01 W, 0x0000000000000001
2026/10/06 19:02:00.860, 1410 MHz, 90.96 W, 0x0000000000000001
2026/10/06 19:02:01.860, 1410 MHz, 90.95 W, 0x0000000000000001
2026/10/06 19:02:02.860, 1410 MHz, 90.95 W, 0x0000000000000001
2026/10/06 19:02:03.860, 1410 MHz, 90.97 W, 0x0000000000000001
2026/10/06 19:02:04.860, 1410 MHz, 90.93 W, 0x0000000000000001
2026/10/06 19:02:05.861, 1410 MHz, 90.97 W, 0x0000000000000001
2026/10/06 19:02:06.861, 1410 MHz, 90.94 W, 0x0000000000000001
2026/10/06 19:02:07.861, 1410 MHz, 90.94 W, 0x0000000000000001
2026/10/06 19:02:08.861, 1410 MHz, 90.96 W, 0x0000000000000001
2026/10/06 19:02:09.861, 1410 MHz, 90.91 W, 0x0000000000000001
2026/10/06 19:02:10.862, 1410 MHz, 90.94 W, 0x0000000000000001
2026/10/06 19:02:11.862, 1410 MHz, 90.96 W, 0x0000000000000001
2026/10/06 19:02:12.862, 1410 MHz, 90.97 W, 0x0000000000000001
2026/10/06 19:02:13.862, 1410 MHz, 90.95 W, 0x0000000000000001
2026/10/06 19:02:14.863, 1410 MHz, 91.00 W, 0x0000000000000001
2026/10/06 19:02:15.863, 1410 MHz, 90.96 W, 0x0000000000000001
2026/10/06 19:02:16.863, 1410 MHz, 90.95 W, 0x0000000000000001
2026/10/06 19:02:17.863, 1410 MHz, 90.87 W, 0x0000000000000001
2026/10/06 19:02:18.864, 1410 MHz, 90.97 W, 0x0000000000000001
2026/10/06 19:02:19.864, 1410 MHz, 90.90 W, 0x0000000000000001
2026/10/06 19:02:20.864, 1410 MHz, 90.88 W, 0x0000000000000001
2026/10/06 19:02:21.865, 1410 MHz, 90.91 W, 0x0000000000000001
2026/10/06 19:02:22.865, 1410 MHz, 90.94 W, 0x0000000000000001
2026/10/06 19:02:23.865, 1410 MHz, 90.86 W, 0x0000000000000001
2026/10/06 19:02:24.865, 1410 MHz, 90.87 W, 0x0000000000000001
2026/10/06 19:02:25.866, 1410 MHz, 90.84 W, 0x0000000000000001
2026/10/06 19:02:26.866, 1410 MHz, 90.87 W, 0x0000000000000001
2026/10/06 19:02:27.866, 1410 MHz, 90.79 W, 0x0000000000000001
2026/10/06 19:02:28.866, 1410 MHz, 90.89 W, 0x0000000000000001
2026/10/06 19:02:29.867, 1410 MHz, 90.79 W, 0x0000000000000001
2026/10/06 19:02:30.867, 1410 MHz, 90.85 W, 0x0000000000000001
2026/10/06 19:02:31.867, 1410 MHz, 90.75 W, 0x0000000000000001
2026/10/06 19:02:32.867, 1410 MHz, 89.41 W, 0x0000000000000000
2026/10/06 19:02:33.867, 1410 MHz, 89.68 W, 0x0000000000000000
2026/10/06 19:02:34.868, 1410 MHz, 93.01 W, 0x0000000000000000
2026/10/06 19:02:35.868, 1410 MHz, 88.98 W, 0x0000000000000000
2026/10/06 19:02:36.868, 1410 MHz, 88.93 W, 0x0000000000000000
2026/10/06 19:02:37.869, 1410 MHz, 88.82 W, 0x0000000000000000
2026/10/06 19:02:38.869, 1410 MHz, 88.73 W, 0x0000000000000000
2026/10/06 19:02:39.869, 1410 MHz, 91.88 W, 0x0000000000000000
2026/10/06 19:02:40.869, 1410 MHz, 88.87 W, 0x0000000000000000
2026/10/06 19:02:41.869, 1410 MHz, 88.87 W, 0x0000000000000000
2026/10/06 19:02:42.870, 1410 MHz, 88.73 W, 0x0000000000000000
2026/10/06 19:02:43.870, 1410 MHz, 90.33 W, 0x0000000000000000
2026/10/06 19:02:44.870, 1410 MHz, 88.83 W, 0x0000000000000000
2026/10/06 19:02:45.870, 1410 MHz, 88.69 W, 0x0000000000000000
2026/10/06 19:02:46.870, 1410 MHz, 89.39 W, 0x0000000000000000
2026/10/06 19:02:47.871, 1410 MHz, 88.74 W, 0x0000000000000000
2026/10/06 19:02:48.871, 1410 MHz, 88.75 W, 0x0000000000000000
2026/10/06 19:02:49.871, 1410 MHz, 88.68 W, 0x0000000000000000
2026/10/06 19:02:50.871, 1410 MHz, 89.84 W, 0x0000000000000000
2026/10/06 19:02:51.872, 1410 MHz, 88.76 W, 0x0000000000000000
2026/10/06 19:02:52.872, 1410 MHz, 88.66 W, 0x0000000000000000
2026/10/06 19:02:53.872, 1410 MHz, 88.63 W, 0x0000000000000000
2026/10/06 19:02:54.872, 1245 MHz, 305.36 W, 0x0000000000000004
2026/10/06 19:02:55.873, 1110 MHz, 605.33 W, 0x0000000000000004
2026/10/06 19:02:56.873, 1095 MHz, 601.05 W, 0x0000000000000004
2026/10/06 19:02:57.873, 1155 MHz, 597.45 W, 0x0000000000000004
2026/10/06 19:02:58.873, 1110 MHz, 601.07 W, 0x0000000000000004
2026/10/06 19:02:59.874, 1065 MHz, 601.37 W, 0x0000000000000004
2026/10/06 19:03:00.874, 1095 MHz, 598.36 W, 0x0000000000000004
2026/10/06 19:03:01.874, 1080 MHz, 599.30 W, 0x0000000000000004
2026/10/06 19:03:02.874, 1110 MHz, 599.53 W, 0x0000000000000004
2026/10/06 19:03:03.874, 1095 MHz, 600.11 W, 0x0000000000000004
2026/10/06 19:03:04.875, 1080 MHz, 598.21 W, 0x0000000000000004
2026/10/06 19:03:05.875, 1200 MHz, 598.62 W, 0x0000000000000004
2026/10/06 19:03:06.875, 1050 MHz, 601.45 W, 0x0000000000000004
2026/10/06 19:03:07.875, 1095 MHz, 598.11 W, 0x0000000000000004
2026/10/06 19:03:08.875, 1065 MHz, 599.35 W, 0x0000000000000004
2026/10/06 19:03:09.876, 1065 MHz, 598.93 W, 0x0000000000000004
2026/10/06 19:03:10.876, 1035 MHz, 600.00 W, 0x0000000000000004
2026/10/06 19:03:11.876, 1110 MHz, 598.96 W, 0x0000000000000004
2026/10/06 19:03:12.876, 1005 MHz, 598.16 W, 0x0000000000000004
2026/10/06 19:03:13.876, 1035 MHz, 598.51 W, 0x0000000000000004
2026/10/06 19:03:14.877, 1050 MHz, 598.60 W, 0x0000000000000004
2026/10/06 19:03:15.877, 1095 MHz, 598.99 W, 0x0000000000000004
2026/10/06 19:03:16.877, 1020 MHz, 599.16 W, 0x0000000000000004
2026/10/06 19:03:17.877, 1050 MHz, 598.42 W, 0x0000000000000004
2026/10/06 19:03:18.877, 1200 MHz, 596.84 W, 0x0000000000000004
2026/10/06 19:03:19.878, 1065 MHz, 602.00 W, 0x0000000000000004
2026/10/06 19:03:20.878, 1050 MHz, 599.07 W, 0x0000000000000004
2026/10/06 19:03:21.878, 1035 MHz, 598.74 W, 0x0000000000000004
2026/10/06 19:03:22.878, 1020 MHz, 600.51 W, 0x0000000000000004
2026/10/06 19:03:23.878, 1170 MHz, 597.24 W, 0x0000000000000004
2026/10/06 19:03:24.879, 1035 MHz, 600.48 W, 0x0000000000000004
2026/10/06 19:03:25.879, 1410 MHz, 389.68 W, 0x0000000000000000
2026/10/06 19:03:26.879, 1410 MHz, 104.15 W, 0x0000000000000000
