domain,domain_name,ep,dst_gpus,remote_gpus,remote_domains,remote_share
8,HGX (8 GPUs),16,5.351,2.674,0.962,0.4997
8,HGX (8 GPUs),32,6.596,4.942,2.198,0.7493
8,HGX (8 GPUs),64,7.359,6.442,3.177,0.8754
8,HGX (8 GPUs),128,7.777,7.296,5.004,0.9381
8,HGX (8 GPUs),256,8.0,7.744,6.388,0.968
64,NVL72 (64 GPUs for EP),16,5.341,0.0,0.0,0.0
64,NVL72 (64 GPUs for EP),32,6.601,0.0,0.0,0.0
64,NVL72 (64 GPUs for EP),64,7.359,0.0,0.0,0.0
64,NVL72 (64 GPUs for EP),128,7.776,3.887,0.964,0.4999
64,NVL72 (64 GPUs for EP),256,8.0,6.004,2.193,0.7505
